Date,SPY,QQQ,GLD,TLT,XOM
2018-01-03,0.006305232546986809,0.009669745626422926,-0.0026403330092135157,0.004769874478601335,0.019449852167202693
2018-01-04,0.004205698838590184,0.0017483712839194746,0.005114278310262769,-0.00015846698268142076,0.0013831891389017022
2018-01-05,0.006642680585039041,0.009992550409555902,-0.001036702137934486,-0.002859740696419673,-0.0008069865958705735
2018-01-08,0.0018261822272695302,0.00388356946761609,-0.0001596255390370604,-0.0006365582018157601,0.004486079410590554
2018-01-09,0.0022611129024642106,6.127073726366551e-05,-0.004639219643041588,-0.013462976397381508,-0.004255472886462412
2018-01-10,-0.0015307865351541928,-0.002340371576127672,0.002402270692406848,-0.0012109208122267168,-0.007983482484272855
2018-01-11,0.0072693560608941155,0.006820890282216504,0.003273877321212141,0.004111052023470111,0.009826102078064138
2018-01-12,0.006497887516014652,0.007322131813731871,0.012044492942167013,0.0016880568944092004,0.006763869771308848
2018-01-16,-0.0034241296727552995,-0.0028612056109917888,0.001652690627169873,0.004167381145423957,-0.006304113458414983
2018-01-17,0.009486663337808196,0.01073347731641023,-0.008132363237354055,-0.0013604264501103722,0.011773712253603233
2018-01-18,-0.0016823185030890083,0.00018079245464318666,-0.002222213448585594,-0.009333194143117876,-0.006498049128328378
2018-01-19,0.004539208362625003,0.0031307820066538814,0.0044394996120163946,-0.005268305911468357,-0.0032076763880424337
2018-01-22,0.008097872561254242,0.01064429193001787,0.0018177059354296304,0.0009750105222216994,0.012542930950696482
2018-01-23,0.0021203036926597395,0.00823427859940592,0.004961985943158681,0.004293295389246544,0.0005662743703524741
2018-01-24,-0.0003881997631676541,-0.006510731348033548,0.012104345577545294,-0.005430833926262112,0.0026012939795389913
2018-01-25,0.00042353895344381207,-0.00035643816811716433,-0.006697849027902464,0.008175063028187858,-0.0018089724952677097
2018-01-26,0.01151128780492199,0.015209019483850965,0.0007811756386790387,-0.0037144278418769546,0.007104099889289072
2018-01-29,-0.006651791167571602,-0.004867361556575419,-0.005637857183470335,-0.006983203146623608,-0.011186450828338287
2018-01-30,-0.010310329444970935,-0.008264924609176117,-0.004328123373076199,-0.005883617660902166,-0.014074415784546015
2018-01-31,0.000496703781855077,0.0041411436088319604,0.00668108957049156,0.005883617660902104,0.005974449952685202
2018-02-01,-0.0011357385723135198,-0.008536771494900435,0.0032848909860550284,-0.014598393002243836,0.02007219578964016
2018-02-02,-0.02201007357005934,-0.020146785847196553,-0.013204686797240324,-0.009322366318228982,-0.05231594991417757
2018-02-05,-0.042722365578046546,-0.04022517539861261,0.0025286437555192493,0.009405117731656578,-0.058585966185816525
2018-02-06,0.019510648664436733,0.026154104746948733,-0.01055189964568088,-0.006232836636167309,-0.01733442804558633
2018-02-07,-0.0054395826247112325,-0.013022633454510905,-0.004716772083453344,-0.009548343265022092,-0.01816008966779554
2018-02-08,-0.038230583621521035,-0.04311072367719714,0.001521419504394612,-0.0010949116047231635,-0.011372100474139137
2018-02-09,0.01490971343105251,0.017121948090201025,-0.0016817358427458674,-0.006339003950447076,0.006354230864725071
2018-02-12,0.014577818014876478,0.017589346976400716,0.0047973715177869495,0.004399392386630561,0.00841000805157824
2018-02-13,0.0024841781516169964,0.005148258600798261,0.005647253596785453,0.004464070122795697,-0.0015713492784165766
2018-02-14,0.013406351053353645,0.01855018876509636,0.0169088525197643,-0.011155651819260915,0.0020947284950569105
2018-02-15,0.012679129780459934,0.01839403863468823,0.0011691607653979673,0.0033936466966980553,-0.0032752249913206117
2018-02-16,0.00029279041374022114,-0.004475584489829621,-0.0032769459911664296,0.005405927175163472,0.0043206576918930996
2018-02-20,-0.006280789436419075,0.001998468922567908,-0.013532867750937797,-0.004389695246801606,-0.010374523722291662
2018-02-21,-0.004986856264602718,-0.0028476308318782315,-0.004604964057785746,-0.012344442014113983,-0.011418416801785389
2018-02-22,0.0012956022896868503,-0.00012106037954985552,0.005080177401414419,0.002993694723835431,0.012869438600510595
2018-02-23,0.01581346402450483,0.02024253564873344,-0.0012676571223934087,0.008842636556778251,0.02177522372822677
2018-02-26,0.011545310923913895,0.013173114633966445,0.0024545525850455277,0.00033890674952320146,0.016755431843524637
2018-02-27,-0.012564858780189278,-0.012459890104274273,-0.010493774054732095,-0.0014394736388700787,-0.0171425580994275
2018-02-28,-0.010181653825115928,-0.006438371765328648,-0.0010394376248337527,0.006335377630093608,-0.022971201040565773
2018-03-01,-0.014647611012223663,-0.01646144542532462,-0.0022425027652310265,0.006803328166560475,-0.007154998368216688
2018-03-02,0.0051416935026138335,0.00913865827228503,0.005357640797750738,-0.008162804408444734,0.004643146951719057
2018-03-05,0.011491570140615808,0.011024092625573884,-0.0016761714003699012,-0.0027072717432435446,0.009485072286828964
2018-03-06,0.0025319974428018536,0.004221470325864541,0.010726720619181963,0.0009313923652659519,-0.001180671314221646
2018-03-07,-0.00036688328098757905,0.0023114014961061577,-0.006422202914569186,-0.001101144638708486,-0.025526790849862663
2018-03-08,0.004827501704795571,0.005490368138886882,-0.002389131123572836,0.005745794506098985,-0.0018869363688378436
2018-03-09,0.017252799765608128,0.01924146793116021,0.000956349666608725,-0.006593419718862465,0.005918337039231176
2018-03-12,-0.0012558524181589203,0.005298744514183913,0.0,0.005750406605352532,0.009079196592836125
2018-03-13,-0.006483844245602008,-0.013707748656098943,0.001909899228192024,0.0050467980562245865,-0.009481302531848425
2018-03-14,-0.00514495866227329,-0.0001751535578344285,-0.0006362480921955626,0.008770583340489966,-0.01255643728781154
2018-03-15,-0.0010900431872480074,-0.0008740672739250712,-0.0063846619697597,0.0,0.011079650578141712
2018-03-16,0.0010839822548000771,-0.0029777637434202577,-0.002404835241203122,-0.003582060068320144,0.009362150043464301
2018-03-19,-0.013622747923197698,-0.021566653483176934,0.0021646240154515875,-0.0031769467721624455,-0.012996892607648072
2018-03-20,0.0016989308523807586,0.0032859088275190964,-0.0044947919586221805,-0.004027125758328077,-0.0021605037041418575
2018-03-21,-0.0019208464560418693,-0.0043639829772200624,0.017305793278474,0.0010924474417830302,0.014091676902573654
2018-03-22,-0.025314979835566048,-0.02499183483711159,-0.0039610286020946425,0.009860208514418151,-0.020735792025523152
2018-03-23,-0.021545028824779825,-0.026704947233288003,0.01285555168848731,-0.0007486419826817338,-0.008333960506816111
2018-03-26,0.026991460318865464,0.03648472787923692,0.005236622780197456,-0.003835558411041017,0.015113579516313163
2018-03-27,-0.017158035009009913,-0.03289532479083651,-0.006177451915059315,0.010636040792413544,-0.0040624929311776515
2018-03-28,-0.0029590361241058657,-0.011570126630073072,-0.013901136089334824,0.002641688686925244,-0.012149428676371013
2018-03-29,0.012696508662184455,0.01814877340005649,0.0004770798243684067,0.004851345781784969,0.024421458862383238
2018-04-02,-0.021821016624078305,-0.029275787451624104,0.01161839746199109,0.0019714437925856857,-0.01880588014385526
2018-04-03,0.012735605178916042,0.011190451863246121,-0.0075722010717776825,-0.007742522772085156,0.024285761382602675
2018-04-04,0.010642078255591306,0.015647183900047358,0.0011868954626521053,-0.0020691977913343956,-0.0020011982644991787
2018-04-05,0.007861179765866377,0.005680769124449925,-0.005153580456720969,-0.00748484640384875,0.01524329691471759
2018-04-06,-0.02253799032367941,-0.025342277342075507,0.004678991304775993,0.010876616753897051,-0.015243296914717604
2018-04-09,0.004916486583101921,0.0069984098713406625,0.0033963960355940744,0.001649698584681241,0.0
2018-04-10,0.015774919918427128,0.021823461009384267,0.002362787969159084,-0.0018155162085384592,0.02896066612649138
2018-04-11,-0.005255777333393525,-0.005785554434441193,0.007757730797944395,0.003545323303430658,0.004660316347792063
2018-04-12,0.008193222700347341,0.011969612029115574,-0.011698777825105413,-0.007351194001532682,-0.0027159016017937335
2018-04-13,-0.0029374453669537043,-0.005192349958288346,0.00653361006986455,0.002318460259803202,0.007997015675106954
2018-04-16,0.0081882027406935,0.007593419728544226,0.0014113245973425364,0.000330655503441877,0.00895257866944478
2018-04-17,0.01064187454107222,0.021296730022485798,0.000939797609092718,0.0027249457286071697,-0.0026772553336972264
2018-04-18,0.0007400771164420735,0.002045457820862509,0.0007824607184664891,-0.00803094044765592,0.011297921483591482
2018-04-19,-0.00556323480389097,-0.009235493894384439,-0.001957330849889553,-0.008179646402134083,0.0025213947954462216
2018-04-20,-0.008515351023609922,-0.015953524826290418,-0.007630932179694891,-0.0072335334615853935,-0.00530227075524391
2018-04-23,-0.00015013467667137907,-0.0025293453772312906,-0.008007927882251619,0.0002536014098842438,0.007189413598374663
2018-04-24,-0.013558924251360543,-0.0214146499671636,0.004844167468111617,-0.004568270712255298,-0.01545111637315418
2018-04-25,0.002468549713400161,0.0011980746591588529,-0.006517267321502421,-0.006719966479429619,0.014570809585469736
2018-04-26,0.010114534380563053,0.020834289741590618,-0.0035146807713917604,0.006974334975603756,0.016962639106581034
2018-04-27,0.000938497799375161,0.000617233831060564,0.0042320403061771,0.007684139111503286,-0.03870667221858133
2018-04-30,-0.00772044715291028,-0.007120395439221052,-0.00727744165435215,0.0017641874133815427,-0.0005145705092506996
2018-05-01,0.0017752651874116863,0.011368126531702648,-0.007088207443339079,-0.003607616406509334,-0.010342460604973661
2018-05-02,-0.0067399372133549644,-0.0059150182531330225,-0.00048510316641562344,-0.0010989552105290293,-0.0019512438017525355
2018-05-03,-0.0022062394944792982,-0.00012350291266789688,0.005082068394914099,0.004471319704307264,-0.003391403273305867
2018-05-04,0.012863166519869818,0.018796320035470323,0.0020898820929316714,0.0015132424620897405,0.004692870697068832
2018-05-07,0.003377541305929831,0.008275233390713371,0.00024084765259023235,-0.001597682355804256,0.010864262803052025
2018-05-08,0.0,-0.0010234850950074452,0.0001605124693187213,-0.0009265331587823725,0.004491710691779493
2018-05-09,0.009619463060105134,0.010840155009847172,-0.002088981225264128,-0.005999979502755292,0.023289328499520326
2018-05-10,0.009307000393217113,0.010311063873286147,0.006813368242228766,0.008020252584033823,0.022147456707682468
2018-05-11,0.0030469980933876015,-0.0009435451002181713,-0.0014389666321499815,0.0025192087628089646,0.004686108589556285
2018-05-14,0.00047605853114093637,0.001709816709724783,-0.0040883630684626394,-0.0052979334399893795,0.0067439377522940805
2018-05-15,-0.006910729508018318,-0.01113676013714086,-0.016277595476396185,-0.011447920282074949,-0.0004890590172143058
2018-05-16,0.004196285378546245,0.006590192917852788,-0.0015524980696371136,-0.003845421438878761,0.002808229210011487
2018-05-17,-0.000844952110596835,-0.0038537115937523018,0.0005722435830601718,-0.005064093894310247,-0.0017082492923216296
2018-05-18,-0.0025032906819770708,-0.005181606523741661,0.00040857173330558584,0.008568127354179667,-0.00710903372712891
2018-05-21,0.007490644113049215,0.005597133038983468,0.0005716827532715196,0.0005119142952990792,0.011982347254537734
2018-05-22,-0.002784289981734787,-0.0013069870106297114,-0.0005716827532715781,-0.0015361158289304141,-0.007808862590155502
2018-05-23,0.0027474332247567888,0.008407834133224578,0.0010614187645907496,0.00723287085919425,0.0062274496790744914
2018-05-24,-0.0020505384283603305,-0.00029499856201694837,0.00853209120176816,0.00793874189337163,-0.0231509153454353
2018-05-25,-0.0023857260212088094,0.0010022041550574628,-0.0030793967645780895,0.0062055856601268555,-0.019625727425883033
2018-05-29,-0.01156748747190038,-0.004428905455911593,-0.00016231041385129715,0.021666179065161474,-0.0036909480968234116
2018-05-30,0.013256318696712833,0.00713578796465199,0.001460093554237964,-0.0067306944268790605,0.038523732770488046
2018-05-31,-0.006144672162331527,-0.0006466337793200834,-0.0021909715513725716,-0.0016485162416781073,-0.0031954048202183184
2018-06-01,0.009769965530999587,0.015577204682637204,-0.004967644235411557,-0.005297945678471845,0.007236441401068602
2018-06-04,0.004740071137477254,0.00899106988408801,-0.0009801121170807511,-0.007258006951568923,-0.010565142866003581
2018-06-05,0.0007276533740002101,0.00309287072936055,0.003914822104047846,0.002341401252202763,-0.0035880131151452303
2018-06-06,0.0083254034669719,0.00581689021745628,0.0005696358194504353,-0.008135807407534428,0.016959814348061975
2018-06-07,-0.00010803168128489499,-0.00816442581996242,-0.0004882216623280107,0.009638559311128723,0.009943172092886799
2018-06-08,0.002951785322173412,5.7189847710626674e-05,0.0012201695433653895,-0.0030073609612734677,0.0086497855423532
2018-06-11,0.00132902087106157,0.0026906795894226384,0.0017868849442266759,-0.001842046309155208,-0.005998863286703972
2018-06-12,0.0012917554995886525,0.005245996515993995,-0.003332688774722517,0.00025114493329998094,-0.008216433961817867
2018-06-13,-0.0031960658909066194,-5.6646218982954484e-05,0.003008032375587246,-0.0005027583121909892,-0.011102633048392886
2018-06-14,0.0025146537290030467,0.010072769604174373,0.0015411027282310494,0.008265733924329156,0.0046512545238770586
2018-06-15,-0.0012767162877965286,-0.0034971158576213874,-0.016672509186741995,0.0009140955788349664,-0.015133878118218444
2018-06-18,-0.0020589297742292616,-0.0005775696084854135,-0.0018972637609840908,-0.0009140955788350533,0.001981417012846788
2018-06-19,-0.00383981794939834,-0.0028370304500255914,-0.0025629178089953803,0.005802922547235423,-0.0014859822709234914
2018-06-20,0.0017042638054841825,0.0070770433778940215,-0.0044802273887545,-0.008800766859843628,-0.0031025898427240353
2018-06-21,-0.006288606896256814,-0.008726039250712749,-0.0017477352868705306,0.005240123861410125,-0.009491868203785945
2018-06-22,0.001821744530363077,-0.002222283817413492,0.0024126912728642744,-8.303505235240727e-05,0.02098568538695562
2018-06-25,-0.01370635630972159,-0.022787753584664797,-0.003746388732216758,0.0022377687534096903,-0.020358432342984525
2018-06-26,0.002211607398372501,0.004076324635964148,-0.0052686490212925504,0.0014059092973761388,0.011223791454251161
2018-06-27,-0.008318853536379994,-0.013692284378413667,-0.005718147886604777,0.00937991606774778,0.01318155637486491
2018-06-28,0.005701428643319851,0.00856503852897554,-0.003040547998821346,0.0002462577934033174,0.003176852578809116
2018-06-29,0.001438446131412065,0.002683464286843215,0.0036306900201949913,-0.003444956897490901,0.00922886564802278
2018-07-02,0.002135539791817277,0.006677417418943014,-0.010080153442110952,-0.0007826908112948872,-0.01179410094863668
2018-07-03,-0.00353727747265041,-0.011641626586910937,0.010080153442110855,0.005342254665330753,0.005853527451008095
2018-07-05,0.008124999256856294,0.012335836786781143,0.0033656028250155126,0.002864687595261039,0.00085068431364864
2018-07-06,0.008422386823538542,0.015436884348948108,-0.0015972634935638506,0.0032639001760591847,0.0002430809456582707
2018-07-09,0.008964078026041478,0.008956637227602435,0.002436881277559937,-0.006456368167086621,0.006899690125324517
2018-07-10,0.0035922585362357733,0.0007331573202599577,-0.0018481290459546572,-8.204100622947555e-05,0.009125999890335895
2018-07-11,-0.0073415635536467645,-0.005088181129457631,-0.010905978807671088,0.0038459901790213165,-0.012872590486770091
2018-07-12,0.009025438734289936,0.01708460279173881,0.0041565812124297165,-8.14174967910903e-05,0.0012101034592631333
2018-07-13,0.0007868486189261228,0.0008357235108330902,-0.004411618657356192,0.0025293561638524294,0.007469791767089297
2018-07-16,-0.000894749409158838,-0.002397163860977802,-0.0005102701051305093,-0.00416446820057013,-0.009891266137164947
2018-07-17,0.004037380449198232,0.006064914648905364,-0.010862735754725461,-0.001883516011401313,-0.002184809563735925
2018-07-18,0.0021013872377952914,-0.0018878295021141664,0.00025795416772476286,-0.004025139976855084,-0.0010937655431384368
2018-07-19,-0.003778653107112382,-0.005014366855911095,-0.004308123245285948,0.006318079297139135,-0.0025573589058848194
2018-07-20,-0.0011435276743077198,-0.00022351317417095235,0.006455244826308788,-0.012345104007502276,-0.007465895879471019
2018-07-23,0.001857876529891912,0.0031792830020733144,-0.004815949835095058,-0.012415278387924512,0.0
2018-07-24,0.0050192524987612355,0.004112608736558877,0.00034477603659500224,0.0034316496162350822,0.01958574520117481
2018-07-25,0.008486377873876856,0.013880070721378385,0.00550018047205447,-0.0015890272943654392,0.006962637670641833
2018-07-26,-0.002361908824682018,-0.015267104624964776,-0.00782971239395345,-0.0019265946702614815,0.00774568095119676
2018-07-27,-0.006799352744003283,-0.013588238808896359,0.0005181795313150905,0.001676089519907796,-0.02792653662340299
2018-07-30,-0.005237292292804979,-0.014232211872524622,-0.001555212880989931,-0.0034384651963158624,-0.0021994275910426184
2018-07-31,0.0049172000133362904,0.007623215732433589,0.0029355602050311473,0.005445345967696381,-0.0028178622970843788
2018-08-01,-0.0016717665446645275,0.003789698886511625,-0.007355188129705078,-0.00818003218687501,-0.013835707057095801
2018-08-02,0.005432711995075382,0.01351509411623624,-0.0053993230298752665,0.0014333216465553867,-0.005988704858833406
2018-08-03,0.0042758089566035445,0.003058648824786949,0.003486767260953241,0.004961427469881285,0.003622183001835379
2018-08-06,0.0036602405806090634,0.005869133701620968,-0.005147198608389075,0.0005873516149485159,-0.0002491969915785508
2018-08-07,0.003296572301059273,0.0036370045149014788,0.002271488910587502,-0.0052115771485490075,0.013502732883333115
2018-08-08,-0.00042005071225403894,0.0012094600604295703,0.002788736658924094,0.0010106809926644928,-0.0066665901931746915
2018-08-09,-0.0013667625028479654,-0.0006044147874031288,-0.0014805645831976347,0.008383334579348742,-0.0050912300571911125
2018-08-10,-0.006722403856827279,-0.007670751214774611,-0.00043582289228197795,0.0072364888851502145,-0.0010074478152246385
2018-08-13,-0.0037508808796233952,-0.0011087434119216788,-0.015199092023381782,-0.0020739942639592993,-0.01088737448314045
2018-08-14,0.006360539014213007,0.006247397107891999,0.000973327608104041,-0.002245121168244471,-0.003187515271227041
2018-08-15,-0.007495549152059663,-0.012310089144329251,-0.016766621575930757,0.005809735514495138,-0.01764909506401129
2018-08-16,0.008059159396671737,0.0032862915500628874,-0.0008097887609237462,-8.237773046208561e-05,0.013682629464691618
2018-08-17,0.0035139494444700603,0.00022230308948213156,0.009228205066865915,0.001240285423809758,0.003328059318147722
2018-08-20,0.002137328753909849,-0.0008899557632364211,0.0049818196508907165,0.006672684996876709,0.0070030344083684
2018-08-21,0.0023429685598673877,0.0036659180134705075,0.0029240568705197916,-0.0033720972543598454,0.0002540270730509942
2018-08-22,-0.0005938697573282769,0.0038738011798025284,0.0022095550764809732,0.0039471373311850124,0.01423271753563136
2018-08-23,-0.0013289346826435742,-0.0014370638880942593,-0.009491353686729823,0.0015576708913468146,-0.011066469908132029
2018-08-24,0.006000335631817822,0.009249133327291999,0.017318039357996126,0.001964681836971216,0.006805313808015263
2018-08-27,0.007864087040519151,0.010141226415909485,0.0037595032326643405,-0.005740808970532365,0.00974903766481617
2018-08-28,0.0004835210510287306,0.0014638452527562977,-0.007973022006627225,-0.006021565241381357,-0.0014937780154151473
2018-08-29,0.005366152579107805,0.01147185155485491,0.0045637840256251986,0.0013227106101289367,0.0071988208479006315
2018-08-30,-0.004056849246684707,-0.0017690447845766866,-0.004915718883921124,0.002146345008479628,-0.004338134701591383
2018-08-31,3.44322116460834e-05,0.0012867553659784436,-0.0011445940280617694,-0.0023114986817222767,-0.0042320524172615665
2018-09-04,-0.001723540304732254,-0.00429529366722079,-0.005122797149079999,-0.005798429968602494,0.001495759060708561
2018-09-05,-0.0026949381462218953,-0.012997875352293747,0.003447511831347845,-0.002669767888664005,0.013238690780230598
2018-09-06,-0.0030145476434064148,-0.008979819969560574,0.0019395335367870974,0.003669315947767641,-0.011123554888520014
2018-09-07,-0.0019454041934947027,-0.00385770152798009,-0.0027340278330774677,-0.008525958229578964,0.016883788469231484
2018-09-10,0.0017372515101186433,0.0033626843287443147,-0.000706792407982718,0.0036871469538470717,-0.001467522659655085
2018-09-11,0.0032913295037200582,0.007674738509081659,0.0006184538252070439,-0.007640219085264624,0.013975903149949433
2018-09-12,0.00024251960098131098,-0.002953446909704493,0.008355710260063364,0.002356985415744753,0.0032535015178346673
2018-09-13,0.005897476611317899,0.010623592316993434,-0.0035975648169408914,0.0015122305106313463,-0.009791908139478545
2018-09-14,0.00017183541717174527,-0.0029304107727090947,-0.006526220333750846,-0.004796650254713438,0.007262416476555348
2018-09-17,-0.005308630467402981,-0.014508018837984896,0.005206771454576303,0.0,0.005891727931277608
2018-09-18,0.005411599061539435,0.0082378130835093,-0.0014974516487718237,-0.010514872769903807,0.002634334218036901
2018-09-19,0.001065321623339213,-0.0007659390737408131,0.0038711539862427546,-0.005984685078361817,0.01188645850990058
2018-09-20,0.00807100299441454,0.010995867242738532,0.0034188014897895418,0.004619904308233734,0.0022424151934078325
2018-09-21,-0.0009139630894065699,-0.005482776361649059,-0.0068493312914384265,-0.0004271787255986921,0.004117961773296627
2018-09-24,-0.003327785392091844,0.002777132263752348,-0.00017621292914007548,-0.0025641977873953575,0.01665061269483564
2018-09-25,-0.0009279992116167873,0.0013586982279337422,0.0015850681638403528,-0.0010283955801600399,-0.0011555720521975626
2018-09-26,-0.0029968936595978967,0.0007059681396431348,-0.005293338005935142,0.007002962669052969,-0.008358487715495537
2018-09-27,0.0027905808407145713,0.00842986554736254,-0.008884998236125718,0.000680794770601762,-0.00011617890922081745
2018-09-28,0.00010304370212922844,-0.0002152916045107641,0.0063164577082286105,-0.0026400408979845922,-0.008783147829911343
2018-10-01,0.0034681315442088526,0.0020429708169945105,-0.0016864375351172442,-0.007368349855523977,0.009249168773362165
2018-10-02,-0.0005829735994539704,-0.0022583087819615794,0.011482223287117932,0.00609397566120571,0.00754590511911961
2018-10-03,0.0005485105464604127,0.001076226419786122,-0.003959744500981412,-0.017523440649998317,-0.0035915254488257534
2018-10-04,-0.00784654130977749,-0.019385533719028528,0.0005289130805079614,-0.007079089140269668,-0.006638771418591014
2018-10-05,-0.005612164840518484,-0.012302727977752363,0.0028159089867124108,-0.008632213324895525,-0.0028078112218998435
2018-10-08,0.0,-0.006124627388692648,-0.011133826368821452,-0.0033672790520971737,0.009214393351509005
2018-10-09,-0.001460820594897478,0.003233995813363834,0.0005329800140063239,0.010067926954853486,0.004402341374446241
2018-10-10,-0.03217500880106259,-0.04497543916823607,0.0024835810584159217,-0.002727516026213986,-0.023272327571619844
2018-10-11,-0.022272788617486678,-0.012481136647240298,0.025366544894876334,0.012086224247473692,-0.03515882606744008
2018-10-12,0.013792685726391569,0.027450209054718837,-0.0047616679491750925,-0.003488511686612034,-0.0026993612428586103
2018-10-15,-0.005632697557421535,-0.012178026317495287,0.006660030947980057,-0.00043671148991948286,-0.006905354546036882
2018-10-16,0.021630207577140688,0.028677423212494293,-0.0017255996137757622,0.0022696556626834825,0.004691038831021623
2018-10-17,0.00017858585562441752,0.00039476334197435694,-8.637796161615032e-05,-0.0059473466823725145,0.0036875857294187972
2018-10-18,-0.01454669764628449,-0.023455235969631883,0.001122068685606197,-0.0003507945296556074,0.004285286934161041
2018-10-19,-0.0005426514878939957,-0.0009244909211403391,0.0007761304849288288,-0.0021962696169793277,0.0014651464993032327
2018-10-22,-0.004499063708433968,0.005130787756317566,-0.0025893597255193914,-0.0013199795608101511,-0.010053896589840718
2018-10-23,-0.0051037562288959,-0.003686790566310933,0.005859562733875961,0.0031654156754712427,-0.016274931768220105
2018-10-24,-0.030766991120577895,-0.04684713455677494,0.0023171370069294235,0.0075205622214697745,-0.02819924015743696
2018-10-25,0.017781365251124375,0.034010576479164695,-0.002231204310531111,-0.004190632614026267,0.008849871825431049
2018-10-26,-0.017743408445899573,-0.026058740250053464,0.0031736109331066205,0.006018547406222786,-0.010010329077765667
2018-10-29,-0.005555764548477353,-0.020795151683386626,-0.003947139978932357,-0.0022637806544689425,-0.006210501806059218
2018-10-30,0.01470933153354107,0.01634519832968975,-0.004394427867848015,-0.004980112077172319,0.02220494940147919
2018-10-31,0.010624538226787765,0.023233049647376342,-0.005628951974666804,-0.0050940538638874966,0.011359151940220608
2018-11-01,0.010585672113179572,0.013104356507932192,0.01277086763550321,0.0009266447182402209,0.012348328735382122
2018-11-02,-0.005940823818709173,-0.01569863068986731,0.0001715043948444399,-0.012510820805217985,0.01574269839541142
2018-11-05,0.005501761908381962,-0.002482633860434736,-0.0024032178261358607,0.0039208489918083666,-0.0037900165959641186
2018-11-06,0.006307946460010604,0.007547455971285728,-0.002839826579174042,-0.0006226860252371066,0.004277821274531181
2018-11-07,0.02118336465562504,0.030885180610464028,-8.61993040877103e-05,0.0013336949419513076,0.01260460629969703
2018-11-08,-0.0018164526674049918,-0.006399275487163956,-0.002156939731312277,-8.888033891184743e-05,-0.0160254377907265
2018-11-09,-0.009816608119603542,-0.01699536055800319,-0.011291663536045476,0.00743871425176407,-0.00024692574758536
2018-11-12,-0.018862250512486238,-0.030726300000980217,-0.007188596482678694,0.006507220236616789,-0.012943666578087166
2018-11-13,-0.0018727519265713762,0.0008415126553244377,0.00035180582721631255,-0.0006139292383740573,-0.02319087740891318
2018-11-14,-0.006860049592425617,-0.0076583100398153305,0.008233404279793029,0.0006139292383739573,-0.007851136471040427
2018-11-15,0.01038238868977431,0.01734269176143743,0.0011333182475063862,-0.0004382788209874615,0.010284254712422542
2018-11-16,0.0025976289282741132,-0.003516109780380079,0.0073788789662288,0.005770387429272808,0.009799462083838405
2018-11-19,-0.017059609404174766,-0.03301683839783426,0.0004323180677422659,0.002786188234166535,0.0032875621231181606
2018-11-20,-0.01867917273082547,-0.018056156562376822,0.0,0.0003473855821219828,-0.028813230016419267
2018-11-21,0.0034014820480942477,0.007573185937119577,0.001641277459165227,-0.00034738558212193157,0.007636209357360643
2018-11-23,-0.00670103752128247,-0.007259563289443529,-0.0007771357154266267,0.0010422931323975852,-0.027051681174242358
2018-11-26,0.016015292530517575,0.022850857705612387,-0.0011235233509469095,-0.002260425437138728,0.019545511009625784
2018-11-27,0.003358895227491773,0.0033710071849758394,-0.005984687209490868,0.0011314333066920381,0.0009087590921392259
2018-11-28,0.02276416356898022,0.031675692814623985,0.00373378036345705,-0.0048812136731548736,0.018006881282166907
2018-11-29,-0.002187666887313862,-0.0032652532493719967,0.003115272664463216,0.003923949575409734,0.007745803218852335
2018-11-30,0.006077149266779873,0.007229265694110868,-0.001729479411524255,0.0037355371273734557,0.005549914992512463
2018-12-03,0.013154107698548438,0.01732579529901063,0.007501675441848404,0.007075174983368119,0.021404290944858663
2018-12-04,-0.032938485057535785,-0.03911184763384663,0.006080599945141696,0.01660356321034905,-0.0222851665747582
2018-12-06,-0.0015184188035851879,0.007035591885955143,0.00017072178718187972,0.0031351079397915604,-0.01317995008690089
2018-12-07,-0.023510121605019148,-0.033573334437815135,0.008077219150826301,0.0018596347578682098,-0.009613600506753295
2018-12-10,0.0018948810665300906,0.01041789960131246,-0.003477935715567025,0.004129541283256348,-0.01426932946634352
2018-12-11,0.00022749798503854027,0.0033059710766936918,-0.0011903699128753065,-0.00016816036055473281,0.0018277557324467967
2018-12-12,0.005022540933036406,0.008762568761349466,0.00212467676965701,-0.004468277110606472,-0.008644694451190862
2018-12-13,-0.0003389098570043118,0.000303112066112822,-0.0022097759847801487,-0.0023689996406127747,0.0125493358229699
2018-12-14,-0.018637430884554433,-0.024650303628342463,-0.004007006751401848,0.0034665878681735766,-0.01835398038693823
2018-12-17,-0.0198132728800394,-0.02292032161029811,0.0068957425332182515,0.005806891072944733,-0.02058620889600298
2018-12-18,-0.0010970722382908208,0.006269037185448883,0.0023726710074086807,0.005971102223445971,-0.02793953292229635
2018-12-19,-0.015088988719971445,-0.024861503440782067,-0.0061126025718981495,0.013123864111814291,-0.017089465095915447
2018-12-20,-0.01641196731565958,-0.014601826969095878,0.015295836918707156,-0.0036371367487809617,-0.030846817303572617
2018-12-21,-0.020702315973284938,-0.0314838039337631,-0.004370461193212718,-0.00016575737265141498,-0.007458905866227593
2018-12-24,-0.026778448398756444,-0.025110639977500848,0.01089057789030817,0.004957827583331805,-0.03906774681847831
2018-12-26,0.04929001407569426,0.06056702999878353,-0.003003949025405859,-0.01077314553539938,0.04667264920990474
2018-12-27,0.007648032643063811,0.00386258160137392,0.0075760760319352385,0.00016664475958245195,0.004360773951364365
2018-12-28,-0.0012908809070934224,-0.0005230646778839772,0.004055775698519239,0.008378629694905415,-0.011231622970584191
2018-12-31,0.008720968866498566,0.008397816003502381,0.0015682595209626012,0.0037927811193592407,0.0002930780489858814
2019-01-02,0.0010395147121101999,0.004011499018512771,0.000659591337713554,0.005253465902831039,0.021758962004920102
2019-01-03,-0.024151992889740466,-0.03321646911128731,0.00902531942317299,0.01131513839625148,-0.01547289337651143
2019-01-04,0.03294690846335397,0.04189471671553009,-0.008119106827353268,-0.0116426191152739,0.0362064109185029
2019-01-07,0.007853562280117136,0.011835275991671668,0.0034525160778516237,-0.002952709580686824,0.005186694426864337
2019-01-08,0.009351734371302328,0.00900463105670099,-0.0027117139907279018,-0.0026321093533798346,0.007244455018981345
2019-01-09,0.004662581921962408,0.008116292565555981,0.006397649700215412,-0.0015655497619677249,0.005260639045254191
2019-01-10,0.0035214181186056914,0.002856781470496391,-0.005904086348646452,-0.0064546770105529715,-0.005121924235881127
2019-01-11,0.00038609157793083993,-0.003664915744887621,0.0017256811414607263,0.003894108115198466,-0.00459046587029806
2019-01-14,-0.006119679726486453,-0.008876355920061607,0.002378067354322114,-0.0037275190620046947,-0.0012558488681470297
2019-01-15,0.011395705220234502,0.019338292571493828,-0.0017215161032263467,-0.003658939344679677,0.0005582169953482186
2019-01-16,0.002416953766859156,-0.00018465083131563982,0.0031947551186356582,0.0009992066049246398,-0.0004185588124463808
2019-01-17,0.00755803522347769,0.007853200300607183,-0.0013094038577051105,0.0002498238675552782,0.006816276555530111
2019-01-18,0.013222201921800817,0.009851720015934394,-0.008966489387798326,-0.005255632287703297,0.011852614656124787
2019-01-22,-0.013602513663932505,-0.02023331932044081,0.0035468368649853345,0.00675176421086125,-0.015185398646184178
2019-01-23,0.002090509753277461,0.001295601473321536,-0.0014007184915951448,-0.000415442412998234,-0.008240669841109428
2019-01-24,0.0005311032130088014,0.0064547102374620195,-0.0015678713054947328,0.006544272874159262,0.0014016351901743403
2019-01-25,0.008425820155194148,0.011877616007387624,0.014511460180241248,-0.004800320732430548,0.004471732770709496
2019-01-28,-0.007629435170251874,-0.012429180086526147,0.0034938106026215594,-0.0009959006811959045,-0.00671538320964117
2019-01-29,-0.001327488197951118,-0.009486541197181324,0.005580978043920208,0.005052730783386239,0.003782786717115707
2019-01-30,0.015706552135057093,0.02511999355070634,0.005710387238117351,-0.0007440438198743636,0.010848457549641127
2019-01-31,0.008743707866495351,0.014857705368216755,0.00048105804332541224,0.008563636729509723,0.013602034780528665
2019-02-01,0.00048164637057850713,-0.00423148398014385,-0.002006018726865743,-0.0060584033492916,0.035392272218388
2019-02-04,0.007011052159857133,0.012345247964846965,-0.0043467903708823,-0.004474005496043027,-0.014594692453614408
2019-02-05,0.004182720428724775,0.00880926775661972,0.0025781491687657575,0.004556889891902123,0.010238592459866414
2019-02-06,-0.0013187692129621451,-0.002986444661837212,-0.006781846869660092,0.000495828565057181,-0.004375229776925983
2019-02-07,-0.009578701445070696,-0.013520511071153414,0.0024273450059934865,0.006588337865592755,-0.007736311862073882
2019-02-08,0.00122097143942152,0.0019597551463818555,0.003791101346321012,0.004259159108342409,0.0016234490635178387
2019-02-11,0.0005544945835806859,-0.0009496931806874681,-0.004923141507008373,-0.003930886671220736,0.0016208177478858764
2019-02-12,0.012777218285412515,0.014678013484173798,0.0021013677593768472,-0.0025470321694965334,0.01739166387650672
2019-02-13,0.003241656444243614,0.0007018850312955719,-0.003963908091330168,-0.003791278288794973,0.011210287989431172
2019-02-14,-0.0022206285694176906,0.001227021292558119,0.005577307519395154,0.0056815018712299105,0.0002620640505782012
2019-02-15,0.010838331995855486,0.004196598867739126,0.005947180522781207,0.0015592554987328346,0.01870414247462449
2019-02-19,0.0017289192444463984,0.001975395215218614,0.015109582852092095,0.0025378843004522657,0.006669687975756126
2019-02-20,0.00201355699897927,-0.00017422456198480668,-0.0017378437981698566,-0.0028661720198310224,0.0038272757614895843
2019-02-21,-0.0035621884391611705,-0.0036641621396016903,-0.011370537714508392,-0.008978993338122855,-0.00908251848252295
2019-02-22,0.0061807379399154965,0.007372813784227552,0.0035920768439101198,0.00594004297084499,0.007680803246811794
2019-02-25,0.001360378433779058,0.0036375714910889846,-0.0010363715360959395,-0.002965963464736286,0.0010196731249806873
2019-02-26,-0.0007156808200673093,0.0010364203841693928,0.0016736332310033522,0.004938344536401743,0.0020360304325772105
2019-02-27,-0.0004295078554740521,-0.0006334705205598619,-0.00711234367844341,-0.011393426106990076,0.010244811381147516
2019-02-28,-0.0018643759004481047,-0.0023069094298586593,-0.005629776625606553,-0.0034106497859204606,-0.005552178143178069
2019-03-01,0.006224413147938678,0.006905007202131481,-0.017163968380321165,-0.009286240180519198,0.01219905200788416
2019-03-04,-0.003644049080907552,0.00017190352406067533,-0.0026289836177433583,0.007807032590180152,0.0038676836932673092
2019-03-05,-0.0013612684897465544,0.0007454590337958196,0.0013153870929190252,0.0020886203230863053,-0.0014951958125625808
2019-03-06,-0.006075028918292241,-0.005688001705730427,-0.0009041270457165541,0.0036647669960552767,-0.011413236940104073
2019-03-07,-0.008400854097305337,-0.01234860391878355,-0.0008226265106168819,0.006463849812767779,0.011039038878919636
2019-03-08,-0.0020019331900340345,-0.00151751963502048,0.010886084259377201,0.004203842750209048,-0.014450386581196512
2019-03-11,0.014397178790004595,0.020584432948145184,-0.004896357818091546,-0.0029657989638050696,0.009698185570468474
2019-03-12,0.0037636404694447664,0.005479391794892027,0.006035459879402026,0.006988431901266901,0.0027539111912077696
2019-03-13,0.0065976763508255164,0.007484988575503679,0.006968612448215201,-0.0018857914908988053,0.00883571627853478
2019-03-14,-0.0006399458763073291,-0.0016962579053300135,-0.011614284265949192,-0.00724987667073087,-0.0033506078906876823
2019-03-15,0.004928014640236378,0.009238009800781974,0.00456433710702197,0.006592992911642209,-0.00361184658503564
2019-03-18,0.003619569733408718,0.002378899062057205,0.0005690800870331783,-0.0005755557124225745,0.011536692747421157
2019-03-19,0.0002479674932916525,0.0033563506693507065,0.0027594883221057557,-0.0022210241809103937,-0.0025931168210039483
2019-03-20,-0.0030146588645768723,0.003957629095682126,0.006463126873942885,0.010405678004042402,0.0055485893356543164
2019-03-21,0.011231753713231884,0.015511120658292408,-0.004034541087699915,0.0021988285866709725,0.005762736053054763
2019-03-22,-0.019434219983193578,-0.022208924063544504,0.0023420233902432335,0.015414903168002453,-0.016145956984353352
2019-03-25,-0.0007522402466688734,-0.00190605809761854,0.007633907060241407,0.0016007780075521438,-0.006982684872350891
2019-03-26,0.007426504154650008,0.004646232407188553,-0.0049754946888428755,-0.0007204234515741426,0.012929316921756149
2019-03-27,-0.005243072750410156,-0.006443388815487244,-0.005243016760484571,0.009160684404810198,-0.007687786959099832
2019-03-28,0.003783497001423313,0.00230185752186457,-0.014253957303041619,0.003482601628072701,0.004966510471970325
2019-03-29,0.006285392417542069,0.007542683349416876,0.0009019770912032663,-0.0009487140551626324,0.0007426866016932666
2019-04-01,0.01178988798099244,0.013160310738191005,-0.003941890257643701,-0.014305582628072125,0.01144467446685198
2019-04-02,0.0004894466143539779,0.0037832836259089533,0.003695988550420936,0.0018478083537481424,-0.004292039162173091
2019-04-03,0.0015724477226692797,0.005729688474580732,-0.0014767440573913667,-0.008705786314674654,-0.005915263457325052
2019-04-04,0.002649759504611649,-0.0003807801072170334,0.0025419025120261784,0.0028297689961606404,0.014114644741090109
2019-04-05,0.004828687580071857,0.0051577098535839855,-0.001065158454634802,0.0012906285257042527,0.005348237094877731
2019-04-08,0.0007621606339444282,0.0025420724994723526,0.004335552354601057,-0.0035540475252390236,0.006163361115051153
2019-04-09,-0.005138219822350453,-0.0035173387244338593,0.005210460213684454,0.003150990799211758,-0.012974804483141207
2019-04-10,0.0034053991723595,0.005352059933611629,0.0030808947099307334,0.002416667798408783,-0.004526803208102672
2019-04-11,-0.00027736989420731634,-0.002375310915024707,-0.012872932029622242,-0.005891193235843055,0.00477063661152775
2019-04-12,0.00674319640843268,0.004314582665657803,-0.0009844542413608548,-0.007148381335295183,-0.012648334411441456
2019-04-15,-0.000655480510103202,0.0001612861488008844,-0.0018896884121835308,0.0025244697074267943,-0.003342028234471841
2019-04-16,0.0006554805101031667,0.0034376394987540907,-0.009004202217837268,-0.0062808884305249665,0.00679654667804082
2019-04-17,-0.0024502377908334084,0.0034792227802664184,-0.0019104067944000637,0.00040912505659596016,0.00282811287462353
2019-04-18,0.0019672753213274886,0.0012815784187856858,0.0007480072379889946,0.005220763185996106,-0.003690722226335948
2019-04-22,0.0008617930205116897,0.002824315525154764,0.0,-0.004812114611893583,0.021582179972170785
2019-04-23,0.00895150500263378,0.012637863821707729,-0.0020790892290242957,0.00212358057106637,0.005773475336133768
2019-04-24,-0.002222181471345113,-0.0031576207078030426,0.002909503431152912,0.008125341015788762,-0.019620252854617402
2019-04-25,-0.0006161794258266188,0.004050516249046864,0.0008297251865102907,-0.0014580774759319663,0.005610380497940172
2019-04-26,0.004646266490574435,0.00089201531716209,0.006613259149985578,0.0033983959790206027,-0.021265791235812504
2019-04-29,0.0015665851492710962,0.0019388266905327157,-0.004459139554905491,-0.0064010914359678515,-0.006481346873615319
2019-04-30,0.0005101370345609234,-0.007778047771157787,0.003057434262503009,0.005107862233397343,0.003868933279020433
2019-05-01,-0.007544958309905007,-0.0032234080955941286,-0.0066225029075604345,0.004116683991140024,-0.020258266608490023
2019-05-02,-0.002161517307746822,-0.004349720666636265,-0.003827907452540267,-0.004773336313213326,-0.017697888735861776
2019-05-03,0.009740436997790059,0.015822400173956398,0.005902166622599615,0.0028347556771016217,0.0023265606366320787
2019-05-06,-0.004123870882905611,-0.0061406921209463065,0.0013252386046357174,0.002745341518358899,-0.004398718537851465
2019-05-07,-0.016840712811530066,-0.019672181037142952,0.0033055276063594123,0.007632242128714271,-0.005329703401101741
2019-05-08,-0.001389946655653385,-0.0025269021955305437,-0.002478073455137969,-0.004331234668400447,0.0015628388233609974
2019-05-09,-0.0030304580682553642,-0.005397782842751721,0.002395550981643927,0.0040910391068313635,-0.0009113016607126823
2019-05-10,0.005011210668776058,0.0012442708831602047,0.0018959191232165698,-0.001361997376144265,0.008658030046674953
2019-05-13,-0.02545188871052877,-0.0353191607110079,0.010159840539079522,0.007825236702892193,-0.011164546039323818
2019-05-14,0.009003247140154904,0.01091559936878199,-0.0017133695443152437,-0.002947093428328013,0.0013199802586161672
2019-05-15,0.005840190888923546,0.014025183944103216,-0.0005717761663673002,0.006123250801219583,0.007359615936697733
2019-05-16,0.009218735270358089,0.009999763865988652,-0.007216080906090217,-0.003335312907917418,-0.0001309796881574611
2019-05-17,-0.006486005001474774,-0.010272772478783701,-0.007102776783024275,0.0022249023101339254,-0.005910258139873785
2019-05-20,-0.006634200448853606,-0.01702554992521013,-8.290551782707826e-05,-0.0020657467751078558,-0.0001319113343985683
2019-05-21,0.008975471912991868,0.010393244955757098,-0.0023236423674714048,-0.0015918697050985766,0.00460087728063291
2019-05-22,-0.003076221907680648,-0.004464783012144299,-0.0009975291545631813,0.005719104741076299,-0.009090498094484933
2019-05-23,-0.01229379853731308,-0.015420238095294015,0.007704775453647589,0.01118437198915092,-0.02370407027442727
2019-05-24,0.0022657082169551834,-0.000505139466783032,0.0010723379767872785,0.000861799111312063,0.004192693659619435
2019-05-28,-0.009343997073747215,-0.003768075234666983,-0.0038822269155751525,0.007174008651440787,-0.02031276109427735
2019-05-29,-0.0067335779560244195,-0.008259537178875195,0.0003309964016131658,0.003025514080697822,-0.006217026366798432
2019-05-30,0.0027276258455189236,0.004194970151269433,0.006761236816409685,0.008561797249299032,-0.0026365256847691717
2019-05-31,-0.013566982520957498,-0.016081470014051667,0.013386857013473643,0.0124416687821882,-0.016814173936716508
2019-06-03,-0.00254633363382858,-0.022264209453114664,0.014329650783140814,0.006666740808387963,0.015562732682251173
2019-06-04,0.021474495437489863,0.027767707856994003,0.00031967486235552026,-0.011467048775157883,0.02351122457070198
2019-06-05,0.008624962101793051,0.00740515010779275,0.002553665830468566,-0.0056678681167599875,-0.008323885749769947
2019-06-06,0.006481804556752119,0.007913572349081037,0.0032623544765036684,0.003220699104172859,0.018060279623535267
2019-06-07,0.009957139670667872,0.019127858594453474,0.005624438342681366,0.008614557390505895,0.0036266089208431304
2019-06-10,0.004578369678106659,0.011587315096304137,-0.010003215486538885,-0.009456958373842977,0.004415526784356946
2019-06-11,-0.00024227028889710632,0.001364088311833294,-0.0011975692988471266,0.0006130861151055081,-0.0009351029037614339
2019-06-12,-0.0017666672438318163,-0.005796184667208873,0.005179100221238763,0.0007655953115037323,-0.01088208508314055
2019-06-13,0.0041176526347627505,0.005905339234750977,0.0061006935016299476,0.0034374772583057106,0.008741628036424798
2019-06-14,-0.0011056990388823471,-0.0042615146239783856,-0.0003160129284807664,0.002513461615479563,-0.00442810211060091
2019-06-17,0.0003802439653029575,0.006004546037033387,-0.0006322652864021801,0.0017477293132149218,0.009903229023917057
2019-06-18,0.010416536450469178,0.01442685174546213,0.005047324392238259,0.0049995399407013925,0.008619450982709317
2019-06-19,0.002254733000569749,0.003748127539684717,0.006038970838080658,0.0014345765779382577,-0.005561005896131892
2019-06-20,0.009508937499520857,0.009256563433658499,0.024866155493817887,0.002636956314485954,0.016981965023410362
2019-06-21,-0.0014544056802730464,-0.0014837231926861016,0.00661369341666817,-0.011047135460969689,0.013999180116863361
2019-06-24,-0.0012254785779941366,3.197667902157945e-05,0.014741593126273352,0.007428759312206158,-0.009571161201861357
2019-06-25,-0.009856063054627134,-0.017315602973249536,0.0019392450876947497,0.003091654285654405,-0.008876075547982577
2019-06-26,-0.000997661080613315,0.004639613289040384,-0.009207653748305768,-0.006420010340589958,0.004317418989913087
2019-06-27,0.0035394155295574337,0.00381437979466292,-0.0009781791081800058,0.007021753145309592,-0.01023508576201261
2019-06-28,0.005132503302412084,0.0012860196833191161,0.0027063662544696662,-0.0006766671317160809,0.010626469383925443
2019-07-01,0.00903747759468851,0.013404371589643041,-0.019559428102497136,-0.0023415006962308623,-0.0009136263659300766
2019-07-02,0.0026009405604278312,0.0039550263578678625,0.02113481354805423,0.007683328141643276,-0.01103237280703124
2019-07-03,0.007963282931438505,0.007497667702381229,0.0016477026920105947,0.007103376882298434,0.009463732262868153
2019-07-05,-0.0011383960395659112,-0.002039348220457358,-0.011212861349998495,-0.013351261847610348,-0.004063672752727705
2019-07-08,-0.005509697105671666,-0.007038453453051411,-0.006453396174434407,0.0013581409222798956,0.004587008883540831
2019-07-09,0.0012449982614524816,0.004995271726509199,0.0034976216131429347,-0.0003773008379677656,-0.0006539904034963993
2019-07-10,0.004767165390327047,0.009915641478689811,0.015664164068756106,-0.005522199921157187,0.014031512014034334
2019-07-11,0.0023412102630203623,-0.0007270947799699777,-0.008479433149487648,-0.0134399951986148,0.0007736318111243637
2019-07-12,0.004467072261539209,0.0057520049620654054,0.006235244213343071,0.0011521130359483365,0.0007732360365738333
2019-07-15,0.0003326034036353354,0.003198600083880541,0.0,0.005743105908711374,-0.007109956394305561
2019-07-16,-0.003230332812754752,-0.005164066833144787,-0.008498565150237166,-0.0029820854614610866,-0.015032166236724109
2019-07-17,-0.0068283343451811885,-0.004930386042555203,0.01633123396202252,0.01073991848477876,-0.005944105463966903
2019-07-18,0.0036542682292539292,0.0011438478297539241,0.01401922107283276,7.574051843022433e-05,-0.00851505653939343
2019-07-19,-0.005570870017398155,-0.0073547535553656574,-0.01483691752503857,-0.0023511985141021754,0.002001954554375883
2019-07-22,0.0024539814347057116,0.007926269871644286,-0.0001487748968767623,0.0018965981158579276,0.00106634219120384
2019-07-23,0.007124498269326271,0.006523154429902746,-0.005668654760058427,-0.005471958546214541,0.003988651819538154
2019-07-24,0.004688843495486304,0.006993307367879156,0.005073447292028362,0.004334445640434747,-0.00013306485181026424
2019-07-25,-0.004788660793861921,-0.009524720167200835,-0.007095118991376651,-0.004791605596472589,-0.005722118342321756
2019-07-26,0.006677466084571343,0.010241728617671815,0.00164757936404381,0.002360973583252381,-0.0016029315212309867
2019-07-29,-0.0018229883207273828,-0.0034365899826965134,0.006637600502192369,0.00030383970874213624,0.007059770170268849
2019-07-30,-0.002457449555347465,-0.004325226092776037,0.0033393742390960437,0.0024301083207094298,0.00013275283799534318
2019-07-31,-0.01100062272122847,-0.013926798903500504,-0.013199706898717264,0.008008599177985536,-0.013225395688326447
2019-08-01,-0.008746237239640452,-0.004983658879151316,0.0237382025873749,0.019666037555785696,-0.02588391037982522
2019-08-02,-0.007557914795027138,-0.014834437458566531,-0.003819352910475418,0.009198755505091803,-0.009846808850065385
2019-08-05,-0.030534722623449077,-0.035974513348677246,0.013885007839557597,0.017139895817678105,-0.02070040909520805
2019-08-06,0.013925688280785053,0.013901769976073147,0.008095529492025941,0.007961768574660629,0.009629028587357584
2019-08-07,0.0005903252349137378,0.00538740245058842,0.01507548681526026,0.00035733151370669953,-0.006503767417843633
2019-08-08,0.019430064594416367,0.021530676687331527,0.005022054446004403,0.0021397080592422883,0.02631732856513528
2019-08-09,-0.006834619973629196,-0.009446141120227331,-0.003321683939870917,-0.0019968781553192858,-0.021506321551278483
2019-08-12,-0.01224819845597283,-0.011541905521976708,0.009651773675578623,0.02063535406833545,-0.004871070429408191
2019-08-13,0.015432217810435963,0.0216782283658915,-0.005977346952418699,-0.003433209400874385,0.012275434686056796
2019-08-14,-0.03001387135295594,-0.030340536861199068,0.00681829671908825,0.0222791808699517,-0.04112351188004932
2019-08-15,0.0026384789397917367,-0.0011494980828402129,0.006632923311853109,0.011058671147846156,-0.005930110342803963
2019-08-16,0.014647306886815257,0.015922815720079343,-0.00642279632319684,-0.008043658820883585,0.015492596260527973
2019-08-19,0.011975551641403747,0.015779603993982268,-0.011765243129746363,-0.014404546055921728,0.016697361368035797
2019-08-20,-0.007692032237534942,-0.007778438206332843,0.007765153200510364,0.01029105434285556,-0.006065831938230122
2019-08-21,0.008102638508309251,0.008839348444488655,-0.0031694374885161206,-0.006687949392932596,0.009945780252826789
2019-08-22,-0.00030782328551103103,-0.003239360534310239,-0.002542737809443374,-0.00666251614961652,-0.002153717597294031
2019-08-23,-0.02602329247317811,-0.03215681561500792,0.0194004358255685,0.01630088084746438,-0.03035398046936832
2019-08-26,0.010998153198728555,0.014990896412844205,0.00013874512727632068,-0.004050554222651408,0.005319974620794088
2019-08-27,-0.003931554199686403,-0.0021122134176870893,0.009525229640210546,0.015291297341378343,-0.009775009245204816
2019-08-28,0.007016544384998586,0.0035720315719029207,-0.002820513317677276,0.0012863750913618829,0.007266300041432692
2019-08-29,0.012692143565340139,0.015174319600633965,-0.007190355573252848,-0.0037961432832471593,0.011020665758328137
2019-08-30,-0.00044417119069165527,-0.002397541125906352,-0.0025705723222454796,0.0002713995746222566,0.0007305112222856793
2019-09-03,-0.005864209810499278,-0.009755657195066911,0.013817145553141903,0.001291862955372409,0.001167422565636199
2019-09-04,0.011286127100980755,0.014332552572674052,0.006224182405113975,0.0014932680707958983,0.010591349970795659
2019-09-05,0.012773724051939151,0.01815322359526082,-0.02429383958928248,-0.018276420433461817,0.01404424378755991
2019-09-06,0.0007716675650773716,-0.0009913839926038541,-0.008559662387184017,0.007090334077911822,0.009348703928582029
2019-09-09,0.0005034977097227162,-0.0020899479980769813,-0.0037414803722944866,-0.017925189613473634,0.00786387842509138
2019-09-10,-0.00023499451589231892,-0.002880933481822125,-0.008594766463448816,-0.017682940894583596,0.008080235415851374
2019-09-11,0.007086039649491237,0.009345771547199998,0.0060453662250154515,-0.0017790621815011733,-0.0019441917642238852
2019-09-12,0.0034574194981382314,0.004148685855525223,0.0020542492696135994,-0.006572447665012324,0.0006949061904853333
2019-09-13,-0.00066401247421022,-0.0035771165971045563,-0.008313640257218174,-0.021590299523991677,0.009127334547642441
2019-09-16,-0.003093007125900555,-0.004476843127408976,0.008313640257218249,0.012663309696700068,0.014893949154237649
2019-09-17,0.0025286371582194348,0.0047883728669876465,0.001979350045407386,0.005409435344868044,-0.0076242635351874465
2019-09-18,0.000597710158020697,-0.0004152843203227189,-0.006305141849164153,0.00423452073061359,-0.004794977597110386
2019-09-19,-6.668149228469598e-05,0.0016604336769281464,0.004042645700960864,0.0030032511243077873,-0.0067516023369135645
2019-09-20,-0.004735635653451222,-0.010634770419952064,0.011751169204553406,0.01312443537434359,-0.0034622900276936367
2019-09-23,-0.00023475403249354995,0.00044087453004839104,0.005580782257567522,-0.00021166131181425446,0.0006933889966588758
2019-09-24,-0.007877570849819908,-0.013369751744298964,0.00527299162043293,0.011982282967950971,-0.013820206801059155
2019-09-25,0.005897285973445133,0.011162764255856921,-0.018719501081169466,-0.01473511941878996,0.002947882271521398
2019-09-26,-0.0020855956999431807,-0.003689646408329582,-0.0002821278180384957,0.00641153639952174,-0.005340287090758878
2019-09-27,-0.005401762876463316,-0.012486517492732581,-0.005161727926224835,0.0024551970291158656,0.0071604011181366665
2019-09-30,0.004627186133705942,0.009472066285331416,-0.015647105922203676,0.0024491183737550826,-0.012246121276356926
2019-10-01,-0.011966437266513988,-0.00818972297638148,0.005457893373498284,0.003006334401563425,-0.023790124666015947
2019-10-02,-0.017822165306938084,-0.017343879293686283,0.011606023170116823,0.0024399092246205215,-0.026452666642839105
2019-10-03,0.008159569334366311,0.010915484428544788,0.004520416059329575,0.009080754171577658,0.012284862037294543
2019-10-04,0.01344108778020469,0.014618117841523092,0.0,0.0073560986293799485,0.014457854302484122
2019-10-07,-0.004323969956040837,-0.003023396831434585,-0.00856363541098911,-0.008322863503626779,-0.013869717422676987
2019-10-08,-0.015646481327306075,-0.015094221293637024,0.00870459991703739,0.0026899910700510093,-0.01959684892299819
2019-10-09,0.009451403730464224,0.009714455110363352,0.0009156241246349503,-0.005663810490280981,0.011033288573977453
2019-10-10,0.006740555745249768,0.00771447227286617,-0.008767683192965708,-0.01500650118320545,0.011939029831646606
2019-10-11,0.010313399452244638,0.012796758301012415,-0.005554769940672898,-0.012454683110411743,0.01063950355683831
2019-10-14,-0.0011137008727408455,-0.00010448685430639227,0.003991150393420187,0.007236658529308212,0.0028948614197864624
2019-10-15,0.009851516264904844,0.012636133915736786,-0.0069950016712766044,-0.012161855205928222,0.003463373951172486
2019-10-16,-0.0016071944830908496,-0.002483264521531272,0.005713914835703777,0.0012159443078015475,-0.017290773184447147
2019-10-17,0.0029444029611161303,0.0026383922313448333,0.0014233647353723328,-0.0024327664143164573,-0.0013196419540717449
2019-10-18,-0.004386495737952117,-0.00965667187689783,-0.001067306413452129,0.0,-0.007808574880579299
2019-10-21,0.006756271125552736,0.008829538710572309,-0.004781550075213642,-0.007551258972306283,0.0165753262580131
2019-10-22,-0.0032720008481456394,-0.007994907464574534,0.0029287043785159624,0.005830047326050712,0.005078556813934592
2019-10-23,0.0029054206624778835,0.0019268630389224631,0.002351027592914482,0.0010040874842019757,0.00950754117377709
2019-10-24,0.0016323122686415943,0.009681159406267542,0.007090719694468963,-0.0020087142661436015,-0.00950754117377704
2019-10-25,0.004086619910318496,0.007954562757421454,0.0023289599557340403,-0.004897801645954391,0.0023132789185416674
2019-10-28,0.00562085550426242,0.00981612659665481,-0.008637230479381003,-0.009137481126573636,-0.008847634136774104
2019-10-29,-0.0002968877729451549,-0.007774209581097235,-0.002776885194246242,0.0006553804895136243,-0.002918121398361295
2019-10-30,0.003063045046393307,0.004834742282004059,0.005475210184932403,0.014527897769744773,-0.01057594583530802
2019-10-31,-0.0026668815149814644,0.00045647140501871335,0.009948844935468628,0.013400456435510329,-0.0022174711117914658
2019-11-01,0.009220933037167176,0.009041611926848644,0.0009123470738276627,-0.003083174946707752,0.029600421957671593
2019-11-04,0.004009750328227383,0.00616632913780565,-0.0028801514371747305,-0.01324848568693716,0.029307832838728485
2019-11-05,-0.0011068078237126296,0.0005491158194959898,-0.016312331868591004,-0.011310176133308949,0.019619100081644518
2019-11-06,0.0002279014743585702,-0.0022501207312346535,0.004281068530555171,0.0060330005453869875,-0.02213392765110067
2019-11-07,0.003510781679407321,0.0033485581773835256,-0.015643205521891117,-0.018284212199052564,0.021039111907777776
2019-11-08,0.0024626054520162943,0.003983316490030233,-0.0063847338065501705,-0.004216743245486393,-0.01917369137677478
2019-11-11,-0.0019113317759756805,-0.0013423986079611299,-0.0024048241483873045,0.0006674284925632927,-0.006094482543979281
2019-11-12,0.002105813737515723,0.0028817177410478856,0.002695874927586959,0.0045820540966317195,-0.01388604329274992
2019-11-13,0.0003236534702255849,0.00024816736332511504,0.003994072881030811,0.006467488994865831,-0.008250965415022958
2019-11-14,0.001454439237445564,-0.0007941316347157989,0.004194711040663475,0.01027641010684533,-0.004369960109087994
2019-11-15,0.007210096107256738,0.007320865176683338,-0.0025291110010524226,-0.0010883038671329506,0.010022899051367955
2019-11-18,0.0007374923943616848,0.0007881067429738797,0.002962025072169786,0.001813340043362557,-0.009731217041740462
2019-11-19,-0.00028837383456431205,0.0014761745917018126,0.0005049030061831341,0.008298306219584701,-0.010268194589301676
2019-11-20,-0.003725591981907915,-0.006016902893786035,0.0005045382424530197,0.01029475417467613,0.0030915217433150743
2019-11-21,-0.001610173617850194,-0.002228659744220997,-0.005492097356825017,-0.006279165968013351,0.023821041551861398
2019-11-22,0.0022213409637627337,0.0006441704803913054,-0.0018857951599790925,0.00128736971487234,-0.004315125191391235
2019-11-25,0.007720389035125225,0.01177220851010845,-0.004803179633254922,0.00292691979538886,-0.006653416934040035
2019-11-26,0.0022630223470683267,0.001908080606987987,0.004803179633255016,0.005827206169728626,-0.002469731730694226
2019-11-27,0.0044478197664908105,0.006964514192305529,-0.005314014225370608,-0.0029090933939442776,-0.000582175818222524
2019-11-29,-0.0037160238785343084,-0.004572633253571903,0.006184806112979683,-0.0021345238033470037,-0.008331619760848579
2019-12-02,-0.008530745235059815,-0.010291746127065867,-0.0005079436043828876,-0.013422682793431772,0.0042474685867017106
2019-12-03,-0.006729252066148809,-0.007863153900713387,0.009534253178573626,0.020750356977535134,-0.007923727084906509
2019-12-04,0.006151717808136132,0.005051316196198742,-0.0013667767637935283,-0.010034590989771596,0.011279532726289261
2019-12-05,0.0017958706934821996,0.0019740423957001307,0.0005757184354598549,-0.004876306385328474,-0.003502147807996188
2019-12-06,0.009092972617415552,0.010641642338421489,-0.009977704836757457,-0.005550528761662461,0.015951865226232282
2019-12-09,-0.0031496102511868883,-0.004546766426823996,-0.0002906488870483782,0.0021664736619528796,0.002155801417309685
2019-12-10,-0.0011154958594713003,-0.0008335564887725032,0.002830699660654389,7.172758992738036e-05,-0.008650861772282874
2019-12-11,0.002834723910314222,0.005282993507392531,0.006861935627691577,0.00783060462189386,-0.001448953733435343
2019-12-12,0.00858221178124425,0.007436322887223536,-0.0035334849047766476,-0.016595379935807376,0.019814009978643268
2019-12-13,0.0005991261464863746,0.0032875096636125773,0.004468872836715887,0.011501419925906066,-0.015906458495978118
2019-12-16,0.006846425193261851,0.00998902352284852,-7.198939739749056e-05,-0.009030873330135329,0.011061010962431507
2019-12-17,0.0002186916739886555,0.0005733107287480416,-0.00021577975709612248,-0.0013794947940812701,-0.004581774868135093
2019-12-18,6.26399826159665e-05,0.0007638023012245438,7.200493236905694e-05,-0.008245999763831755,0.002723012478137823
2019-12-19,0.0040902555263303275,0.006231974041183791,0.0025862126377012157,0.0015985817306916636,-0.006893735381208078
2019-12-20,0.004375316084199568,0.004023261414835227,0.0010039397404910592,0.0013175926299936712,0.007894980554261943
2019-12-23,0.0015265312956839684,0.002637639194966849,0.003077203372165587,-0.0014642807307823152,0.004992042865723295
2019-12-24,3.0955033126658e-05,0.0005192892968370536,0.009387789011397068,0.0028541319959586365,-0.003849093082984673
2019-12-26,0.005309023214692356,0.008785202878201333,0.00782659080315549,0.002408792683719912,0.0015701725895937643
2019-12-27,-0.0002475999254089921,-0.0008422271117541637,-0.0003512560225688557,0.0010928859557239156,-0.003428038567811195
2019-12-30,-0.005528351971988008,-0.006575530309941608,0.0021055808220621446,-0.003647766240487917,-0.005883509999409749
2019-12-31,0.002426296747700063,0.0018831816879530346,0.001891143454574884,-0.009841885607651415,0.004308014515156362
2020-01-02,0.00930836320411971,0.01655952952143628,0.007320953634035891,0.011229399773384224,0.015923221045938737
2020-01-03,-0.007600979833887198,-0.00920229917250657,0.013181265882528811,0.015283362195067936,-0.008072046670695578
2020-01-06,0.003807711761363058,0.006422452648215649,0.010434868967011986,-0.005695068030158514,0.007648966796439621
2020-01-07,-0.0028156761950679544,-0.00013905932748510593,0.003927428056507489,-0.004927862004769313,-0.008217686626227074
2020-01-08,0.005315472796711178,0.007488310680632479,-0.007529802584635164,-0.006632850201652817,-0.015195536611211199
2020-01-09,0.006757505137935725,0.00843758297069418,-0.0056676844863565315,0.0035039637727470106,0.007626594457130717
2020-01-10,-0.0028817907644674234,-0.002560409776987045,0.006008107616788398,0.008851806405140128,-0.008927612821563291
2020-01-13,0.006853967058219837,0.011470818776884911,-0.007447144703816297,-0.0030384520267701296,0.009500725535737447
2020-01-14,-0.0015257518747358726,-0.003945357586969574,-0.0008919411826434922,0.005130636050858557,-0.008633068885591082
2020-01-15,0.0022571520630810435,0.000408930061701253,0.005817289492435278,0.006609722929008327,-0.001591069897200721
2020-01-16,0.008283899417389282,0.009537891667396147,-0.0015707412123407796,-0.003155532893086212,-0.003915262913899407
2020-01-17,0.0031079304959802873,0.00493630464999902,0.0018437252860089575,-0.008584826086780656,-0.0037852053065130613
2020-01-21,-0.001960082695565921,-0.00044784622206334916,0.0010909837309721073,0.01045068972724025,-0.014397357561437016
2020-01-22,0.00012035061756875331,0.0026389733739704013,0.0003405975107135845,0.0035076387800721466,-0.005787548955414997
2020-01-23,0.001146494786072772,0.003211270046651543,0.002245598875511729,0.006977262037130215,-0.0062705989565963
2020-01-24,-0.008932560162783156,-0.00845107355652498,0.0058285535187767275,0.008056376805887607,-0.006762344179250612
2020-01-27,-0.016159727201502758,-0.02087188144268855,0.006802125843070944,0.015434701142017199,-0.024112272465419582
2020-01-28,0.01042463324776444,0.015243224488226324,-0.00896686803661793,-0.007862871339733154,-0.0013910753616443933
2020-01-29,-0.0008262519892978048,0.001624184000937481,0.005403248480831511,0.009732371345881794,-0.008387574736912953
2020-01-30,0.003240231032493333,0.003555330209530219,6.731894098032181e-05,0.00013813772237103908,0.01055088845720453
2020-01-31,-0.01832457025687454,-0.015984903374631855,0.005775708477189364,0.00908847425931972,-0.042083687636735534
2020-02-03,0.0074007060198731,0.014996064421006289,-0.006516877595597702,-0.0008103200958973304,-0.022629898688674554
2020-02-04,0.01512636932752712,0.02263074146933874,-0.013094308186782415,-0.013558303035935996,-0.012593245430999793
2020-02-05,0.011481984014668467,0.003291733370137396,0.0012285555646719122,-0.010995475468794003,0.04499521738305684
2020-02-06,0.003359138935047279,0.008595166615500792,0.005373934234125879,0.004497339019929761,-0.013642582222356077
2020-02-07,-0.0053437897591674735,-0.00431013272916383,0.002642363450658169,0.012400697288694851,-0.006647964675264367
2020-02-10,0.007437223318373951,0.012013035868307568,0.0025679490647931946,0.002765564325343215,-0.010617354996323087
2020-02-11,0.0017317162186814552,0.00017224639229605556,-0.0034478924308700464,-0.005053459781657179,0.00946151298325326
2020-02-12,0.006422162565820383,0.009693885544417224,-0.000813078481224605,-0.005078932778600617,0.012151303696381672
2020-02-13,-0.0010674175606537593,-0.0012812797731422657,0.005677303718111386,0.00382951289370091,-0.005564851788459461
2020-02-14,0.0016006993772129763,0.0028594135783937716,0.0041697222765956264,0.004368051280820636,-0.004605932388539553
2020-02-18,-0.0025803662515891846,0.000383222168249845,0.012737350951843347,0.006825006256498392,-0.012776974059776134
2020-02-19,0.004769929019317823,0.009540022917419086,0.005814285510176441,-6.875219238010608e-05,0.00765252527050639
2020-02-20,-0.0041169098660310014,-0.00932679507996693,0.0040763395182913265,0.00780271537559367,-0.00798662342142184
2020-02-21,-0.010351631683508892,-0.01939628611157002,0.014913455926308593,0.00929767974977202,-0.01227007597405967
2020-02-24,-0.033727702487409715,-0.03932653187951391,0.008945002656717951,0.014817897064565435,-0.047978772109682453
2020-02-25,-0.030770808482031755,-0.027568617287241068,-0.01803593472393269,0.005310483612563514,-0.03907875042753416
2020-02-26,-0.003685127098463348,0.005140703157312923,0.004360980385151266,-0.005310483612563531,-0.022200335864664245
2020-02-27,-0.045951098411952315,-0.051371141671259134,0.00019481624361363943,0.010790635389005158,-0.06206394480641317
2020-02-28,-0.004210747632376983,0.0007777381450262736,-0.03717601874476565,0.02233226677692091,0.03199942087087923
2020-03-02,0.042395055759790724,0.050316228012493955,0.005511083646655957,-0.007384558135417144,0.04634322764234644
2020-03-03,-0.02905026750851451,-0.03259258460629402,0.030950390194086085,0.015405904461109109,-0.04906889069040559
2020-03-04,0.041173699124553466,0.04087548328888175,0.001752990351755443,-0.010675853701286986,0.021597772311094537
2020-03-05,-0.03380675424834192,-0.030853368430947527,0.021370951204574475,0.024587441949594602,-0.04506754479546339
2020-03-06,-0.016669012386561228,-0.017016086225121553,0.0003808885074389379,0.05073482015666644,-0.049498963837795465
2020-03-09,-0.08131285857407829,-0.0719951240602323,0.0016488747161249012,0.02674218199022132,-0.13039105096177783
2020-03-10,0.05045071056983217,0.053019720075200165,-0.02132715182628954,-0.05261853403952774,0.0363592100654673
2020-03-11,-0.04997682034060848,-0.04453210580791698,-0.0035667044227174947,-0.03749207456084811,-0.033496621116026325
2020-03-12,-0.10056885393979645,-0.09617073230526536,-0.04070560424243849,0.0061784131971681444,-0.12142222356206826
2020-03-13,0.08202795189140831,0.08130850701098352,-0.03099155256530076,-0.022862299453096948,0.024968087396675234
2020-03-16,-0.1158865331608622,-0.12759245033136904,-0.011512126298224866,0.0627541202846138,-0.10006951456081621
2020-03-17,0.05258490842817773,0.0731035655557764,0.01346442633870517,-0.0690104326916883,0.0651001254995559
2020-03-18,-0.05195968507327027,-0.03088851753912899,-0.02012310684271081,-0.05806578607919582,-0.10563250970400266
2020-03-19,0.0021229515504687874,0.005984474166856955,-0.019086492837834465,0.02686118185101247,0.03879102074451215
2020-03-20,-0.04405048385271427,-0.03996395428941329,0.014884383146683595,0.07250274554950145,-0.050330514067131606
2020-03-23,-0.02590085206285314,0.0007216071042873847,0.043231496146295734,0.040382652806784505,-0.04019881973739324
2020-03-24,0.08673102723500614,0.07458563863456733,0.047389520259250466,-0.018789954060753206,0.11944241749669252
2020-03-25,0.014859201825968116,-0.0074324668517548815,-0.013784208180364264,-0.0022742581715724133,0.05088380855508565
2020-03-26,0.05674870821195445,0.05132056801279152,0.012740714714697083,0.004910428066869398,0.04021055966306247
2020-03-27,-0.030238184475060364,-0.03499813934940063,-0.006481449089244015,0.026342813724232965,-0.04936973871053044
2020-03-30,0.031959655293849316,0.035727561839079776,0.004390990264267052,-0.008263215561766757,0.014774800667175146
2020-03-31,-0.015017572350756373,-0.008576693189539169,-0.032364821693651916,-0.008150134964514787,0.012455638457904003
2020-04-01,-0.0460493607736714,-0.04341837774514096,0.009411793149400162,0.013913180588992389,-0.011655725722386063
2020-04-02,0.022813335232515962,0.02009175800636082,0.01626050111056189,0.006326010008438998,0.07368942239912309
2020-04-03,-0.014559573135092142,-0.014294567605469495,0.004925309776577716,0.002376776751249666,-0.029898350036289906
2020-04-06,0.0650066065304595,0.06905468126289187,0.02733353381543522,-0.0026143138592802924,0.03162942491756886
2020-04-07,0.0010188294015630438,-0.00040693713221919383,-0.005368871400719198,-0.010527366924623582,0.01884773201833629
2020-04-08,0.033017591664414134,0.021009861048546533,-0.008947881947437637,-0.007303226615545437,0.06136549382257447
2020-04-09,0.015102839190191177,0.0014445361901789214,0.025788169295063085,0.0018156767104988221,-0.016555513304030364
2020-04-13,-0.009172293033275164,0.010745930742271172,0.01699510551392902,-0.009172068355270018,-0.008615727424641636
2020-04-14,0.02906634311532465,0.042571936214901115,0.007837301543346824,-0.0002438804956999123,-0.007747314112790838
2020-04-15,-0.021476898538757026,-0.011536280377737837,-0.005115017933585634,0.026143858092307626,-0.04704769900239068
2020-04-16,0.004812545072681297,0.018075522903522104,-0.0008653689753940822,0.011293357338389366,-0.03340759335907943
2020-04-17,0.02665686754294424,0.009520934359684699,-0.019608466717140425,-0.013495297245543943,0.09890278054776233
2020-04-20,-0.017774992628316492,-0.01191528794181028,0.007100853720992193,0.008013165326661154,-0.048350563435325726
2020-04-21,-0.03083371235220244,-0.037597448734664675,-0.006848673348053854,0.01251199915893883,-0.005356950339619531
2020-04-22,0.021951837437574555,0.02924266294506203,0.019479888950845802,-0.01026833003883401,0.028164584504502852
2020-04-23,-7.197321550009571e-05,-0.0021353174100641145,0.009905643795524405,0.005294181413443477,0.030850501100498563
2020-04-24,0.013842839959973586,0.015647503918728455,-0.004294729942651925,0.0023439665336144667,0.006423724549534651
2020-04-27,0.01431532537450717,0.008010979873528782,-0.00666258998355511,-0.018789703236733967,0.004790256204578423
2020-04-28,-0.00460905182399199,-0.019014142040199116,-0.004466516323334757,0.011446831328249954,0.023170665483663522
2020-04-29,0.025841949131436493,0.034846829676916574,0.005518192454017435,-0.005203493801878611,0.05389162863539973
2020-04-30,-0.009354581909140585,-0.0004112523109635884,-0.018282683683788697,-0.011745313569410464,-0.02108032702242608
2020-05-01,-0.026830191288349323,-0.028589815918344186,0.0061522933833428935,0.008526655999397503,-0.07435587408947149
2020-05-04,0.0027547205216843325,0.011590065761348285,0.003498676361159418,-0.00471422911638152,0.03954143516597948
2020-05-05,0.00919667630182709,0.011273295186128646,0.004232069630406605,-0.006422094822964714,-0.001114615293608324
2020-05-06,-0.006801682355540604,0.006137707281830829,-0.012938939248234135,-0.01626783560964324,-0.01891516113750089
2020-05-07,0.011994390747685693,0.012794223036708584,0.015234124108560072,0.016568965148141542,0.005666917881815754
2020-05-08,0.01641044014099001,0.01361187389985948,-0.006028427741239837,-0.013086620841491195,0.04291704019555058
2020-05-11,0.0002055296121803618,0.008899245193141508,-0.006253147010599243,-0.007836803293882682,-0.009573478484489324
2020-05-12,-0.02013290644196318,-0.021159515247428148,0.0038815245238018456,0.010212604400103617,-0.016856071910092633
2020-05-13,-0.0178440320138133,-0.012594444686933723,0.009576645345897673,0.006971438727433376,-0.050911322610372234
2020-05-14,0.011896018134520212,0.011288047337727545,0.008811127536123346,0.009740242206375137,0.008785222165438934
2020-05-15,0.004586670618211323,0.006470640411021278,0.005627947839551041,-0.0025757533536551512,-0.007117496131364798
2020-05-18,0.030005080164531368,0.018460596752137983,-0.007592898231851983,-0.022199486172974865,0.07651987830408044
2020-05-19,-0.010324157215002953,-0.002509387316629034,0.009603940342589153,0.003734363316693754,-0.031364672796423396
2020-05-20,0.016845164627752537,0.01977136852462016,0.0023714668825757603,0.0029899825621905606,0.03202625479659509
2020-05-21,-0.006928285588749043,-0.010950511301991112,-0.014683616168536867,0.0024947826502228253,-0.018014393644239596
2020-05-22,0.0018974113804546252,0.0034461769899326667,0.005899400714775776,0.005997447649971262,0.000897259529251244
2020-05-26,0.01224529890285912,-0.0027036024675375797,-0.014316858429627,-0.013500771778461408,0.028949218081560212
2020-05-27,0.014769343496289595,0.005442705375799111,0.001800809585778032,-0.001838369295111988,0.007162421388131036
2020-05-28,-0.001846353488992396,-0.0013032091078978882,0.0033447448656947374,-0.0036869085660346354,-0.026294666546886232
2020-05-29,0.004445899909320464,0.014546159387159209,0.007331471236597383,0.00711622396467014,0.00950198904123227
2020-06-01,0.004033598441400072,0.0029952086028755716,0.004593203918142176,-0.006755635228256198,0.017656924523277003
2020-06-02,0.00824615754746566,0.006685301627721906,-0.006497892824854574,-0.003642009322591748,0.022011931627495523
2020-06-03,0.013220492974114541,0.004488502038814679,-0.01862251139241922,-0.013386822567547706,0.03998461841676965
2020-06-04,-0.0026303240817301056,-0.007038044056586527,0.010471254055873179,-0.014584919965383003,-0.0028474051339958625
2020-06-05,0.025306409775124803,0.01963311567893296,-0.02048368991541374,-0.0071484083620176105,0.07794128039399133
2020-06-08,0.012015169101193712,0.007730230231030187,0.010764002439043798,0.003836270596166613,0.030794499691156173
2020-06-09,-0.0074845438580536435,0.007218759811780508,0.009595645355064148,0.011294214108144756,-0.02253923622808947
2020-06-10,-0.005595673418280195,0.011930170674350331,0.014223142854853236,0.01471833926116157,-0.055116256289135794
2020-06-11,-0.05937739306791327,-0.05081888366495464,-0.007240232329265166,0.018724671716793748,-0.0923925753498486
2020-06-12,0.011904675165558458,0.007916447999173137,0.0014153150353447643,-0.009687452212645262,0.021211233113054083
2020-06-15,0.009292258845094903,0.012093965372980287,-0.0017848491512042477,0.0005531351611448963,-0.0006360138125988867
2020-06-16,0.019064591851121405,0.017026923454812885,-0.0004929560183834836,-0.015451397256416565,0.022236978964958017
2020-06-17,-0.004162474319472743,0.003165663630036059,0.0019087937874243815,0.004118936311736278,-0.033114745718338175
2020-06-18,0.00038524742052122897,0.002705509506190252,-0.0019703951105462295,0.010532112829591727,0.006199965574825891
2020-06-19,-0.005731218302352991,-0.00016376403213150468,0.010972576221366465,0.0008003481150885542,-0.020237469919304005
2020-06-22,0.0063946960244978274,0.011921388137000053,0.006441427074830093,0.0001239130891095234,0.009523840266610739
2020-06-23,0.004592767491937371,0.008474964503156445,0.008384398864595731,-0.006858612039988169,0.006013632203320476
2020-06-24,-0.025839500918799403,-0.020831244244741982,-0.0034899960158010397,0.010668880854648288,-0.04825510196720788
2020-06-25,0.010663512987766946,0.009474588961288832,-0.0006028992986150158,0.002878438180696638,0.014944037099963845
2020-06-26,-0.024037971200595285,-0.0238984505406394,0.0044532193863769335,0.010646739681514984,-0.034917383753159385
2020-06-29,0.01459053858957487,0.010847529423962665,0.0005403343600226875,-0.0031515849933175582,0.01592038357248773
2020-06-30,0.012727955415773939,0.019411957698498083,0.004431086497931087,-0.004868547029079662,0.008984638055127106
2020-07-01,0.006980458466284847,0.011604621208792992,-0.004491160110102202,-0.0019441450693018067,-0.022843910292180167
2020-07-02,0.005491695209811762,0.006763475537737984,0.0021582779375089872,0.0010398426421359818,0.008429417704181626
2020-07-06,0.01531941715931082,0.024287556079539363,0.005970880083946397,-0.004103393322792917,0.007007940794384283
2020-07-07,-0.010367049538251323,-0.0069127471985516,0.0062904343270385864,0.013957361816018917,-0.026248144384704988
2020-07-08,0.007619499902902184,0.013085759731451683,0.006192353605402356,-0.004002782571735984,-0.002315170242143642
2020-07-09,-0.005709570477764009,0.008388177859515714,-0.002708063902871328,0.015797200332461916,-0.04213663906647996
2020-07-10,0.010159048385137311,0.006804185546683929,-0.0025972650920347735,-0.00503744137695031,0.030713235823301793
2020-07-13,-0.008696625096834753,-0.02078539333698099,0.0012403879870823364,0.0033011123752898375,0.00023429332902202274
2020-07-14,0.012875590253901215,0.007053395036357835,0.004652728164010819,0.0014369067938137014,0.032517402553806855
2020-07-15,0.009145291564585125,0.002033454733118505,0.0008809438623464781,-0.0046783752455267546,0.012627280869250333
2020-07-16,-0.003298987544579547,-0.006845833815757553,-0.009496639325154646,0.004738178591839761,-0.007873387480537385
2020-07-17,0.002894985602800045,0.001157033715177898,0.008204262794308569,-0.002096464265552391,-0.017312206180694425
2020-07-20,0.008049189413717746,0.027975949556756276,0.004808590336846309,0.0024553195530400067,-0.023716943436602498
2020-07-21,0.002125493029658242,-0.01047532198743101,0.011978962477666387,0.0005979530953148588,0.04935050851306373
2020-07-22,0.005675327583771552,0.0035167745572704137,0.015087942737564556,0.0029840842849992747,-0.02356783650393486
2020-07-23,-0.01200332811768493,-0.026467181505442115,0.008786586410813348,0.011613895603751796,0.0020614701332595437
2020-07-24,-0.006460931167291683,-0.009541204833367982,0.008542281441677423,-5.8771649724609804e-05,-0.006197658339951072
2020-07-27,0.007265876661033294,0.017685838241035652,0.019561196964697856,-0.00371799106711953,0.014628772426146448
2020-07-28,-0.00636274614137366,-0.01280658560234634,0.008306536040413818,0.006893875086971732,-0.011869300166754075
2020-07-29,0.012223642845488158,0.011459884019959335,0.007482169283186,-0.0017043736500554762,0.01096146916820637
2020-07-30,-0.0035741147353170544,0.005221903459484698,-0.007427778888433271,0.00656727347345601,-0.0503017723002079
2020-07-31,0.00787126567410836,0.01768818822430012,0.00904688435302792,-0.0006431541552545079,0.005003173088230547
2020-08-03,0.006928077625577139,0.013416571218014282,0.0011318982444248418,-0.0050473453562832485,0.004031738664870912
2020-08-04,0.0038548880978480477,0.003705391818336395,0.021054515412853636,0.009486653880349643,0.028466741066137922
2020-08-05,0.006191799194313824,0.0024745002343441397,0.009240417270834574,-0.008781108898322868,0.00870335450143777
2020-08-06,0.006662602306367933,0.01315849349054456,0.013186741026147062,0.005570289907670494,-0.004800510172179948
2020-08-07,0.0007176590652771922,-0.011609814368885942,-0.016012829047696152,-0.006687994224490562,-0.004593466576633427
2020-08-10,0.0029842044568019945,-0.004282146564223731,-0.0034649534714480275,-0.004483678690380381,0.024333358707693917
2020-08-11,-0.008288776200486125,-0.019122967931382982,-0.0551897267189793,-0.011956602191897939,0.01028161940315255
2020-08-12,0.013845906934247844,0.024840705704051513,-0.004679132411383586,-0.009137546874772424,-0.00022698166017532634
2020-08-13,-0.0018092985872514352,0.002277601634980193,0.023343474417206588,-0.010746225183366449,-0.02480026561213908
2020-08-14,2.961285229495045e-05,-0.0011744693451934015,-0.004318527254207777,-0.003914239284515499,0.0044079989757807555
2020-08-17,0.0031716587985774155,0.011543844426122298,0.02146194877539166,0.00250911144021771,-0.013047624711531926
2020-08-18,0.0021580225108824213,0.00957916870496867,0.008967673573403242,0.007126503464403176,-0.004937228741500743
2020-08-19,-0.004172319008354859,-0.006750337777151915,-0.03207438281593019,-0.006270679663238049,-0.011138868638541107
2020-08-20,0.0031087311336826604,0.013776861398675289,0.006890137653281628,0.008998621923929457,-0.015370216731254308
2020-08-21,0.003541000163209028,0.006905684844734157,-0.008043165542872153,0.00597420927042221,-0.007530353774023537
2020-08-24,0.010082321838270271,0.006225119231787325,-0.005674470685927035,-0.0016257429273906787,0.029078057409444837
2020-08-25,0.0034932669715204982,0.007831751285853325,0.0012147382641175607,-0.0076829835862748976,-0.032253582560468216
2020-08-26,0.009975459760334803,0.021114214121863876,0.011739667325137685,-0.0038338142198415565,-0.02151107169206198
2020-08-27,0.002184208402173223,-0.003121551017760724,-0.011629286747359606,-0.017154888775170643,-0.006770976502026207
2020-08-28,0.00643869929293812,0.005072293170467144,0.01723092629924,-0.0007447684136881979,0.02362366113232524
2020-08-31,-0.0036293188021556204,0.008001298941504392,0.00238341719432408,0.006619320833890574,-0.018603858060739817
2020-09-01,0.009374610111868957,0.016947267108646188,0.001189581722410416,0.011372414253384342,-0.012851276276320541
2020-09-02,0.014360355570849812,0.009424286079686836,-0.013218610873058246,0.009475160363335813,-0.006105256799571686
2020-09-03,-0.03502025202180653,-0.05203059135349906,-0.008137254873336977,0.0028375735832528006,-0.0020435414497433435
2020-09-04,-0.00819841129536092,-0.013415232659320707,0.0027564932922231992,-0.019170982999517878,-0.0007675376811331142
2020-09-08,-0.02770307861386921,-0.04925752077747896,-0.0019287808618004912,0.006125433592460203,-0.023299344761376004
2020-09-09,0.019554813255848832,0.028952515594379245,0.009661434230238847,-0.0026905423000035656,-0.006041750389846151
2020-09-10,-0.017516041322368187,-0.020137798780693772,-0.0032283485242562797,0.005070007506228606,-0.02535187117593913
2020-09-11,0.0005089201789328281,-0.0069639249423447454,-5.4861557792618405e-05,0.0021298761704962995,-0.0027060429594704186
2020-09-14,0.01308513707627854,0.017265148053809166,0.00786160327773618,-6.096648662929207e-05,-0.006525620415837271
2020-09-15,0.005039884562170794,0.014073831463105077,-0.0023956152677241513,-0.002434647438280039,-0.01069522020138098
2020-09-16,-0.003976568320853837,-0.01607505101344547,0.0028305733071044763,-0.0029909009957334058,0.04158270300748286
2020-09-17,-0.008834233900128045,-0.015745347008510435,-0.005505121062685115,0.003051903956190235,-0.00026449055000925725
2020-09-18,-0.011579561276289264,-0.012844671603632228,0.001310849171618332,-0.003113430833978658,-0.016269028946929324
2020-09-21,-0.011191982119096059,0.002395220634033992,-0.020291789448272826,0.0050617726268961435,-0.020647404206182298
2020-09-22,0.010133205860958812,0.018407991219394192,-0.004858095828927072,-0.0007915601076961191,-0.02501535371203689
2020-09-23,-0.023464240189052583,-0.031009795978373892,-0.021843335368817322,0.0013390157589175165,-0.032611729471719066
2020-09-24,0.002661586992217496,0.0046456976216832455,0.0037119030895910897,0.0038223720789960424,-0.0020374301959887363
2020-09-25,0.016038144643540815,0.0229824950484728,-0.0028540460781505306,0.0,0.009280715676118613
2020-09-28,0.01647281498690824,0.020556146052227223,0.010010290107421884,-0.002850825459235431,0.019157482829660604
2020-09-29,-0.00546107504917813,-0.004519651141466225,0.008397048385655496,0.0011537845347065563,-0.029604482422471493
2020-09-30,0.007553489500776971,0.006825601518297408,-0.006022969047958764,-0.009631375896272257,0.0014578717989491001
2020-10-01,0.006399476237247487,0.01574812432294439,0.008880963695329078,0.0016483083408109546,-0.03558050922999587
2020-10-02,-0.009539742032535617,-0.028534520674605872,-0.0008957769408936138,-0.003741601819657403,-0.004537914543522032
2020-10-05,0.017577737788388444,0.021101665453510242,0.004861081696310086,-0.019732649209966275,0.022782807702422553
2020-10-06,-0.014318124873932693,-0.01800773591363472,-0.011830479550692698,0.005375005703482699,-0.010427730774652652
2020-10-07,0.017257025459593615,0.01715105403903834,-0.00045132478533539146,-0.007320056515593633,0.0032892565159384963
2020-10-08,0.008823031163406417,0.005308792399031013,0.0035486272055745486,0.005386245929419661,0.051203182493203304
2020-10-09,0.00889080473738446,0.01516465924681215,0.017998399966815504,-0.0001881563558459724,-0.014856858513169757
2020-10-12,0.015959705709427462,0.03040332521919905,-0.002875813691634357,0.003181607606144041,-0.0031716643061016664
2020-10-13,-0.006547523870161753,-3.3881484286759745e-05,-0.01585383405158326,0.0071350021397591085,-0.011910102868551771
2020-10-14,-0.0063034802848007145,-0.00838732450337063,0.0030899939936110464,0.002285025187212302,-0.002047632783920192
2020-10-15,-0.0012366602375473764,-0.006733601143428525,0.003639489400711449,-0.0017288379995323146,0.008746511403499071
2020-10-16,-0.0006039827988184678,-0.0054963779563912095,-0.0034712263457632483,-0.0027844900930817434,-0.01021178915680595
2020-10-19,-0.015320397297419689,-0.016459867761669748,0.0005046193567768562,-0.003786561209764833,-0.020142772489324633
2020-10-20,0.003997794732273605,0.0021471306240898364,0.004809318137998378,-0.009562273224352841,0.00834325612169574
2020-10-21,-0.001894908556204786,-0.0007737561334881622,0.00750319529892231,-0.0034596813923430314,-0.01615359249391109
2020-10-22,0.0054704789403259195,-3.489200203440682e-05,-0.009849030639627157,-0.010451094475402108,0.049995882238613565
2020-10-23,0.003389310132851877,0.001968604550555441,-0.0010630400237792174,0.0060941218872572105,-0.020284810996240587
2020-10-26,-0.018652766942456708,-0.01510974265165742,-0.0005039129828936211,0.00926027152994954,-0.02399765258435796
2020-10-27,-0.003453428925051515,0.0077779893345713905,0.002628864176270774,0.006686604791529125,-0.016019507998329588
2020-10-28,-0.034776808128449195,-0.03976746201006444,-0.01627516884164325,0.0009338456183240073,-0.03883084020439311
2020-10-29,0.010112266347454898,0.01733551281056026,-0.004153341326592121,-0.00975449296987292,0.04339090047318735
2020-10-30,-0.010479518792967529,-0.02568995290428509,0.004550651041840146,-0.009914501309551864,-0.010672495206065582
2020-11-02,0.01114616285288976,0.0022247419133881903,0.00965812884851217,0.007462182633633735,0.041140843590082445
2020-11-03,0.01750207334033113,0.017149632652154242,0.0056609432999779495,-0.005818121720491233,-0.01721114925292093
2020-11-04,0.02210283641317111,0.04367096651345984,-0.0005590140649358909,0.021459981542538684,-0.005402395933812654
2020-11-05,0.019315176746727794,0.025737083993169884,0.022723771699055755,0.0017370612667656105,-0.0018071335272966478
2020-11-06,-0.0002286496729413277,0.0007471714152653062,0.0014203529597109255,-0.012159004450572861,-0.01182727596749976
2020-11-09,0.012487656492539623,-0.020645839142454787,-0.045280856143465276,-0.02123821324848389,0.11920577682502548
2020-11-10,-0.001467533500986258,-0.01807679686260477,0.0033073065556014952,-0.005783594336988683,0.02194278713813145
2020-11-11,0.007400717875784133,0.022123121063873756,-0.00433598220930235,0.003602364175155333,-0.010363135942855624
2020-11-12,-0.00974804597682553,-0.004704731808026585,0.006042387508780373,0.016874251482729124,-0.034865866656792865
2020-11-13,0.01374941668944493,0.008734423595873465,0.006796565090032186,-0.0013268018017228423,0.023840825334123232
2020-11-16,0.01240546604843567,0.007772133237965936,-5.650286865533134e-05,-0.00240506978361847,0.05604896654248152
2020-11-17,-0.0053931741890736965,-0.0031773681458932036,-0.0036759204841880807,0.006506576918736161,0.013275985919304923
2020-11-18,-0.01210743522827837,-0.007417326638575578,-0.005738783845972931,0.0028925727301839445,-0.03848635343764757
2020-11-19,0.004201059340154784,0.007794124168700999,-0.0018822296869570197,0.005134512975652309,0.005093238218946904
2020-11-20,-0.00687129953811556,-0.006863876058321039,0.003021229432643738,0.008831933093084483,-0.012376016473844429
2020-11-23,0.005976415407692099,3.4255776138996934e-05,-0.019890324232127853,-0.0045923480296232305,0.06345526668998504
2020-11-24,0.01598538142373592,0.013952277709935764,-0.015447030279527764,-0.010002327204280575,0.06444334713188639
2020-11-25,-0.001543001144025673,0.006127749355770257,-0.0004718480371509017,-0.0030835548606392912,-0.028266004221719206
2020-11-27,0.0027812627359668886,0.009172272806251271,-0.010198732236165305,0.009658639981412517,-0.01530932982087551
2020-11-30,-0.004437039892447167,0.0020377053090291464,-0.006697358920117144,-0.0012492817109240706,-0.05261667069691429
2020-12-01,0.01087782112986305,0.012734901958838592,0.02084085881536413,-0.014853972195523637,0.009656646131456507
2020-12-02,0.002102047271890031,0.001284455968399403,0.007493385024315116,-0.00796848919977036,0.03672048245870094
2020-12-03,-0.0002727868741900475,0.0014139979404835226,0.007842668530553789,0.008032071214885158,0.006736938259385072
2020-12-04,0.00858039942184677,0.004067152841208254,-0.00283945502654119,-0.01477474557764374,0.03590600309950849
2020-12-07,-0.0020569160410089217,0.005646365579919057,0.014803945459514797,0.008980713730747708,-0.018891382013393472
2020-12-08,0.002921745259038383,0.003379421863044903,0.003481841534737405,0.004713986275138492,0.032237657068360154
2020-12-09,-0.009009129251260895,-0.022901527782244413,-0.017241806434506103,-0.0033104263495455323,0.013170053333863398
2020-12-10,-0.0003271917126944808,0.004007997921114036,-0.0019148863181888906,0.008824936569483641,0.02787907220969671
2020-12-11,-0.0011733168643385222,-0.002217323845797565,0.001856945469586849,0.0035331440226391594,-0.004783183808225906
2020-12-14,-0.004487294693216222,0.00722885520995563,-0.005522859199322822,-0.0027750067002025643,-0.036739651921495725
2020-12-15,0.013428895169852772,0.010632789510582096,0.013893989774039692,-0.0033529207857955225,0.019235812622865403
2020-12-16,0.0015680373516572014,0.005484654586930547,0.005503920929853093,-0.002665397445608534,0.01521811783930852
2020-12-17,0.005576587633965982,0.006516596345315456,0.01046541004295572,-0.0026496174725182463,-0.005047053541198553
2020-12-18,-0.004001034358805983,-0.0030274224814722532,-0.0016988680965652808,-0.003001995937806541,-0.01739986033626585
2020-12-21,-0.003581816937430857,-0.0018723908336154918,-0.0031789169989821435,0.003958091422560132,-0.018422642677511713
2020-12-22,-0.0016866307115180786,0.002715437209711076,-0.007934507183398202,0.005147248486827511,-0.017069818415510106
2020-12-23,0.0008980365146936047,-0.005048925723897808,0.006625879072275585,-0.006932871648988761,0.012769639586725896
2020-12-24,0.0038829711630222565,0.004403240955744324,0.003977347328631379,0.003949868332727286,-0.0040782223489120315
2020-12-28,0.00855410565098976,0.01002805162560317,-0.003635744312567208,0.00044476958867972386,0.0033599701947719667
2020-12-29,-0.001909748146801679,0.0008952102820299404,0.003635744312567162,-0.0012717118224529825,-0.011323971658449974
2020-12-30,0.001425783560311988,3.19282020375964e-05,0.007626026694655132,0.0021607743123662447,0.007964001463677928
2020-12-31,0.005068006030918678,0.0024572237902585905,0.0037072651943418997,0.0014591460936109093,-0.009176387444942561
2021-01-04,-0.013707365171865844,-0.014220437787726877,0.02201425891234798,-0.0012052235088570598,0.006769754823413519
2021-01-05,0.006863759827669173,0.008210216327133027,0.0029572490918935946,-0.007454151375634936,0.04706741390514319
2021-01-06,0.005960379820900586,-0.013949104784694777,-0.016374384156319522,-0.020741860735830998,0.025197178690844858
2021-01-07,0.014748348270513708,0.023903667842973146,-0.0023373497260989994,-0.008853548964374484,0.007815177082220837
2021-01-08,0.005681608010884375,0.01277624559875915,-0.03480879472366203,-0.003232737434221689,0.011059745824990494
2021-01-11,-0.006763628543684634,-0.014555570209497331,-0.001963368081678198,-0.0016539823445551605,0.029904692891590326
2021-01-12,0.00021087506199378453,-0.0015912907398670465,0.006453094143516468,-0.0007941220103742278,0.021960495596962514
2021-01-13,0.0026893961380865775,0.006730506247371986,-0.004316677807613859,0.011198710673755443,0.011214706484735354
2021-01-14,-0.003507978896804901,-0.005361903996157216,-0.0005192346256867747,-0.009411640802172085,0.038291297830334727
2021-01-15,-0.0073190831965534685,-0.00795254995888777,-0.012485246085867416,0.00395966824492721,-0.04929726893116059
2021-01-19,0.007820989491610036,0.014484416468183681,0.008437377567923208,0.0032219882216247813,0.01964278921163856
2021-01-20,0.013743875664545808,0.022994623904487338,0.016151154600027997,0.0009842670776962304,0.014029029293501916
2021-01-21,0.0009111963359035664,0.007967644221608002,-0.0006273739671711188,-0.0070423945232555105,-0.029088465856095643
2021-01-22,-0.0035457350373227104,-0.002884252664749945,-0.007904302060517928,0.003231365706490104,-0.01423535053144565
2021-01-25,0.003936128089402091,0.008232091055222095,0.0008622455288576803,0.011716837605854917,-0.011236891423810942
2021-01-26,-0.0015623162110704296,0.0014618974761571619,-0.002473656951145883,-0.0018891119097043333,-0.022206831437034145
2021-01-27,-0.024743712739468408,-0.028272560227680318,-0.006355778295441206,0.0025394916132979056,-0.011400955358258651
2021-01-28,0.00856340827667149,0.005899597904725262,0.000926931727635592,-0.005543165208206382,0.01553465532793915
2021-01-29,-0.020222787187534345,-0.021262690800919738,-0.0004054103376829626,-0.00603448933778597,-0.026844263344599616
2021-02-01,0.016508482205611685,0.024679881059468098,0.00934152297824149,0.0011587651188136054,0.0017826416700795762
2021-02-02,0.014041093063456599,0.016182705357992978,-0.012242430084677477,-0.00646826171694322,0.015682304394679887
2021-02-03,0.0007860491286317461,-0.003975435526551234,-0.0015117720158050482,-0.008913310584574978,0.03847867986087238
2021-02-04,0.011301714758137156,0.011757608779943047,-0.021765636924135134,-0.0026755832361154935,0.019008354299906608
2021-02-05,0.0039281424243994365,0.0033855468415142577,0.009823748692690917,-0.008408542539617083,0.0329700070691148
2021-02-08,0.00719593213939514,0.006677275854830892,0.01001975221091292,0.004381420008321064,0.04214236759388753
2021-02-09,-0.0006662805393531547,-0.00020961291715697854,0.0032595928083516256,0.0007395670311058801,-0.01178094882755668
2021-02-10,-0.00043575549238752015,-0.002281458425592949,0.003654430629279855,0.006631543696264352,0.009631446630353131
2021-02-11,0.0016138628992005278,0.005484267018036088,-0.008723013798522866,-0.005489645635536184,-0.02535779289847099
2021-02-12,0.004927559932212745,0.005573814909239398,-0.003041852351548402,-0.012496816187640945,0.013551343420685013
2021-02-16,-0.0008663087721889611,-0.00270847710117007,-0.014457496034195686,-0.015343976458658906,0.029643354038948584
2021-02-17,0.0002294418077916251,-0.004809994697184121,-0.011417786234196115,0.006329892026426871,0.01544510391211644
2021-02-18,-0.004265037000456813,-0.004381556066859629,-6.0090224343136566e-05,-0.004054778161676446,-0.01582942691766671
2021-02-19,-0.0017675102061268807,-0.0043708418972054925,0.004139970385631239,-0.013380956578544836,0.0067055304617642105
2021-02-22,-0.007721673104140126,-0.026261957998516102,0.014858231751961605,-0.007637439179291218,0.036190516190478375
2021-02-23,0.0012139420477341178,-0.0029816302538062224,-0.0023033964742125187,-0.0028873344872192754,0.013717455337134463
2021-02-24,0.010958917880815395,0.008209355818501058,-0.0007097783269727351,-0.006581883103058897,0.029532294588668986
2021-02-25,-0.024390846206263493,-0.035484650333672825,-0.018995808065307287,-0.016465577595227442,-0.016717185464827505
2021-02-26,-0.005165927543118584,0.004178980411028727,-0.024480114534154506,0.03252447836514168,-0.025244368591458975
2021-03-01,0.02395115546928029,0.029638477360531656,-0.0017319159550744983,-0.0132957729221111,0.03665665367880145
2021-03-02,-0.00783384376929495,-0.016168829330352106,0.005433148366520264,7.100994874397955e-05,-0.005868203889447817
2021-03-03,-0.013334185402323935,-0.029449662006525715,-0.011082728374520621,-0.010905111436832862,0.007993706860141146
2021-03-04,-0.012452025373837789,-0.016502364614540133,-0.00988559566723337,-0.006470362850074962,0.03801526970209149
2021-03-05,0.018229400968098424,0.014948314543003027,0.0006286134207733884,0.0019454164176206299,0.037115698649438596
2021-03-08,-0.004991144858100256,-0.02872222727187095,-0.010422315048141234,-0.007804875008814153,-0.0009851170835066102
2021-03-09,0.014176585206290107,0.038682885140874555,0.02104806019448947,0.013762222809024822,-0.01556337181300869
2021-03-10,0.006205213229168408,-0.002858606426600235,0.005085327698430273,0.0020015295349078144,0.03024054573179475
2021-03-11,0.010088109512767821,0.022770037638524747,-0.0008663865026826478,-0.0072391391984803115,-0.007474684101821164
2021-03-12,0.0013458762398461293,-0.008145059445097445,-0.00018574519969141986,-0.021449859435270356,0.010707204159039006
2021-03-15,0.005945832615790384,0.01062604094988034,0.004386867610048303,0.005862670958985325,-0.02582668757607503
2021-03-16,-0.0012621805106864585,0.005473993482047903,0.0009244132771239594,-0.004026828534358743,-0.02142344794886181
2021-03-17,0.0034042545160440866,0.004109103927142335,0.0071195808075622735,-0.007511209467576546,0.004388834066026874
2021-03-18,-0.014656722040990928,-0.031109407244431075,-0.0058269675795917875,-0.010177953352773376,-0.04407659571382499
2021-03-19,-0.0018520501660022426,0.003518839638892729,0.004174394816826358,0.006178571454349285,-0.005648765103871723
2021-03-22,0.007953360984039261,0.01857964817937046,-0.0014713433816878438,0.011143357033377219,-0.010320218127944415
2021-03-23,-0.007901719282563203,-0.004372525762618676,-0.007327408483150656,0.008986564429199272,-0.012418152310885265
2021-03-24,-0.005096598205772336,-0.01700898830837974,0.003454859203276189,0.005367630805079697,0.020079619009428323
2021-03-25,0.005609842380084734,-0.0017331291271646496,-0.0036402714825327686,-0.00791666064814796,-0.002843914143896481
2021-03-26,0.01598632696551255,0.014889314861943607,0.002839374216722469,-0.0035065055225567314,0.026869489133404523
2021-03-29,-0.0005051852343618006,-0.00028527181101677606,-0.011967328788777756,-0.008523844816479154,-0.005386105481404234
2021-03-30,-0.0026563969327483322,-0.005045688455003119,-0.01723957501602924,0.005226184603646631,-0.012446430576764016
2021-03-31,0.0040450633519093825,0.01518691358677161,0.015053975494509144,-0.005595412184492978,-0.015286471203695171
2021-04-01,0.010741044906504618,0.016902593385449066,0.012549018493591777,0.01646096088110246,0.02755866206085057
2021-04-05,0.01425147537188572,0.019768225404744752,-0.00037046965366193687,-0.004372727513270796,-0.01562921591079011
2021-04-06,-0.0005911654764130292,-0.0006949288786203884,0.007996616729269289,0.006769747969430553,-0.0028360138777051014
2021-04-07,0.0011567636788689497,0.002415474001592262,-0.0028223021365765604,-0.00698896708621534,0.004427579869906441
2021-04-08,0.004735454391309592,0.010379671452635604,0.010694635856861524,0.008221336635630263,-0.010480864762856893
2021-04-09,0.007244121537002965,0.006039675257257395,-0.007566026934120144,-0.003629390005574624,-0.0023239915306467866
2021-04-12,0.0003643894884741374,-0.0013057630122564814,-0.006082067490100263,-0.00043670549489707163,-0.006644533283237382
2021-04-13,0.00295922409708645,0.011605349389535106,0.007061488473290135,0.007466069501831482,0.003776660475361534
2021-04-14,-0.0034209020866459716,-0.01208096106573653,-0.0043537794872208335,-0.0031828801726937507,0.028489850175970225
2021-04-15,0.010685014949980922,0.015041947676585317,0.0160335365383925,0.016595966595544062,-0.0059494842364254084
2021-04-16,0.003337030169993992,0.001170364287973409,0.0060295628147861114,-0.0077970621706006694,-0.005631619652242185
2021-04-19,-0.004925228175392689,-0.009194211344459535,-0.0027691247303623773,-0.002875383067213513,-0.0031818924383147226
2021-04-20,-0.007348501056630137,-0.007315273966698047,0.003550241996940974,0.004598000506366961,-0.021294155543998175
2021-04-21,0.009417721750089909,0.008524382732259733,0.009862362310853667,0.0020051717097774053,0.012759166033532804
2021-04-22,-0.009175022475232213,-0.012127516242815434,-0.00650425423162094,0.0043544592939317684,-0.013121062260942857
2021-04-23,0.010783994293698822,0.012510657263527548,-0.0038387727937765547,-0.002353300252991673,0.005412981831529117
2021-04-26,0.0020853217636634335,0.006490115774310001,0.002640755671589698,-0.0014290651434511325,0.0019777088436493547
2021-04-27,-0.00021542940631944754,-0.004341403768951209,-0.0025205449092440876,-0.00876144636115306,0.013025402329744569
2021-04-28,-0.00028736374255882124,-0.00338688870750959,0.002940064461277065,0.0006491691337204248,0.029691143091304273
2021-04-29,0.006352449453536609,0.0035923360805279977,-0.004142547462168167,-0.002960151171130476,0.014182268600939803
2021-04-30,-0.006592244008445021,-0.006575967858802488,-0.003374702192485256,0.002310982037410064,-0.029266848214469572
2021-05-03,0.0021545170935569668,-0.005339788930963541,0.01289485518814097,0.0005999565547121769,0.027228941606202164
2021-05-04,-0.0061882190311018225,-0.018159849174841553,-0.007356686965198023,0.006762859180910606,0.006270508575664465
2021-05-05,0.00031278445839982426,-0.0033680469817928198,0.00413361336698124,0.0016473671730497868,0.029629308725837057
2021-05-06,0.007953561909460767,0.0075093215686146434,0.016542002735280385,0.00164576512176409,0.009468146810759859
2021-05-07,0.007251691636047008,0.00808168247679927,0.00895658735382193,-0.004943872348393327,0.014195942889795735
2021-05-10,-0.009951740946387084,-0.025578564257151538,0.0030259218728549953,-0.010179085506723556,0.0023997774860951
2021-05-11,-0.008964837761398468,-0.0013824494589252977,0.0001742848474817966,-0.005675446384057036,-0.032315790235189656
2021-05-12,-0.02147404806472956,-0.026223748870056428,-0.009983483413452903,-0.010563497460389716,0.00534381458097768
2021-05-13,0.011941098314629271,0.007701144823726357,0.004098917859921596,0.001547269087821595,-0.012401556773769569
2021-05-14,0.015238544814162088,0.021836891778590672,0.009074563611959028,0.009308073730646137,0.0244868981480417
2021-05-17,-0.002547954830907734,-0.006084836349987377,0.011572105937362132,-0.00211759456664844,0.023098155456323783
2021-05-18,-0.00865284366896897,-0.0067735587102912154,0.0019442812059788442,-0.002561448170934083,-0.028708708796061924
2021-05-19,-0.002625167491550545,0.0011476508669306309,0.0006853819629941132,-0.002422112113632183,-0.024287257570578417
2021-05-20,0.010700275769332817,0.019158321803061554,0.004556871795741219,0.008194700770686491,-0.0023765851739862443
2021-05-21,-0.0008191486789033956,-0.005549982029010523,0.00045446916842239933,0.0032015902606598273,0.0013587957825106406
2021-05-24,0.0101426783093382,0.01667967761701221,0.001759487487714246,0.0036973814662840288,0.01164276793074941
2021-05-25,-0.0022210347797271893,0.0013821289025594664,0.009031903514378268,0.009220908939866707,-0.02290775199562553
2021-05-26,0.001982487379063475,0.003477704303683759,-0.0017435678186662285,-0.0017228777562371762,0.011604258595564574
2021-05-27,0.0005249323235678942,-0.003747962333661067,0.0003940189892895408,-0.004030555670601679,-0.0064680176786437275
2021-05-28,0.0017871725921452632,0.0031492918693468365,0.0037630876338542248,-0.001587591716571738,-0.003249725737208505
2021-06-01,-0.0008812830459006004,-0.003329662128265185,-0.0026945732480542135,-0.00022418270437750724,0.035179861828753115
2021-06-02,0.0015714105932957288,0.0019512262161130386,0.004878526963101577,0.002312229480135537,0.007907686029644133
2021-06-03,-0.003718294510759461,-0.010460290038575553,-0.019772420864664846,-0.0037605871589444406,0.003930629059011663
2021-06-04,0.00910426123949541,0.016827298414503842,0.010725633264657355,0.013601730276176295,0.004403587225012873
2021-06-07,-0.0009706007259919614,0.002975293340460331,0.003999619209610979,-0.003078404143131066,-0.006530590972195764
2021-06-08,0.00021289154590639354,0.00047539104238988514,-0.003096867753862795,0.0070022620976338615,0.017535748035584255
2021-06-09,-0.0014929027024006304,0.00023723694782278837,-0.0019193434836643904,0.008789841163666877,0.008334558225355792
2021-06-10,0.004637621126132966,0.010366631532512396,0.004285131517665339,0.005981105809538015,0.001595032180304912
2021-06-11,0.0016512326178687781,0.002611533629599667,-0.011316177890912231,-0.0016143179882772024,-0.009286123324224753
2021-06-14,0.0022363642270033794,0.009537279782534944,-0.005878166410042197,-0.007689430366930306,-0.0016097032300533005
2021-06-15,-0.0018358278935476722,-0.006552863317786494,-0.0037848631237422004,-0.0012043304082974078,0.03576333812205778
2021-06-16,-0.005599033320621148,-0.003658586517071152,-0.01703600368035545,-0.0008513277602042057,-0.0035817257100386893
2021-06-17,-0.00033174887458031885,0.01261756622671949,-0.03122282591641038,0.014861054152263856,-0.03347140593231658
2021-06-18,-0.013582205004707387,-0.007878305762275741,-0.005562705142465907,0.01863148762892863,-0.02598389224889284
2021-06-21,0.014214792353373225,0.006195490739991179,0.012173251058176099,-0.016884838353176963,0.03561626752281185
2021-06-22,0.005331533479068288,0.009278809189463423,-0.00420166857422807,0.002439384006153771,0.01899100863917732
2021-06-23,-0.0012058364680387645,0.0004888848002149812,-0.0006618767987564016,-0.0025792476552033592,0.007341051938054361
2021-06-24,0.00589825682595874,0.006164092803785102,-0.0006021199876096117,0.0016041445885110121,0.004037786758202873
2021-06-25,0.0035457939985828603,-0.0012300345777038746,0.003306999189259349,-0.010437795026759072,0.0021678022794374193
2021-06-28,0.002013913800882754,0.012088242882451111,-5.999643961855651e-05,0.010228806694746084,-0.02584965422122894
2021-06-29,0.0005378302782993647,0.003612227771326744,-0.010561034647227364,0.001671381593833506,-0.006208701098984588
2021-06-30,0.000841483127903977,-0.001578705537843032,0.004841763592293601,0.004443681590795419,0.0073191281144170265
2021-07-01,0.0055212166318086816,0.00039491010010581426,0.0034354496150826534,5.503748208380295e-05,0.002849465456368921
2021-07-02,0.007614420212591321,0.011413308603905667,0.0065369291506959725,0.00601678046098629,-0.001423935523702625
2021-07-06,-0.0018229222538235473,0.004312697740052385,0.004949187883217545,0.011652613277525366,-0.028908120948372727
2021-07-07,0.0035276214877037327,0.002107795710217732,0.0037995736126820853,0.008820379469340446,-0.015766641894289134
2021-07-08,-0.008181349948379709,-0.0060581776072705686,-0.0006520293887520076,0.003910283046869054,-0.004479492414653944
2021-07-09,0.010618073647473142,0.006224299485446497,0.0033150614410246745,-0.01416289386153723,0.01796205944357858
2021-07-12,0.003575860011806453,0.003898066611055933,-0.0012418718351821449,-0.0012974533653254698,-0.0009804457018627872
2021-07-13,-0.003414907007749488,0.0,0.0013009357869861221,-0.0076826967042588805,-0.004751992876538311
2021-07-14,0.0014911999287717252,0.0017920101552994089,0.010697757313475486,0.011297272602039415,-0.0224243277416833
2021-07-15,-0.0034214938732958977,-0.007048521025558677,0.00017546425482688882,0.010970203329432018,-0.009790802836441924
2021-07-16,-0.007874617494143163,-0.008132048902859262,-0.009751038308664079,-0.0018869323639715712,-0.02804002578723169
2021-07-19,-0.01487802755448474,-0.008227270255974159,0.001179853512608669,0.02169134309925993,-0.034972838346813896
2021-07-20,0.014228924852539983,0.011549469595575058,-0.0012979424872485647,-0.009686446324974115,0.010960318293755003
2021-07-21,0.008063444299631182,0.00769067737610705,-0.003726190289074976,-0.012747620567917586,0.03165937661604087
2021-07-22,0.002092182800639904,0.006588373427957416,0.0019535411866020086,0.00940876125076541,-0.011317186203658191
2021-07-23,0.010235231604090483,0.011610011036256966,-0.003139340880551927,-0.006711900681001773,-0.0012264965401891997
2021-07-26,0.002451941745091575,0.0007869393410238398,-0.0023758261058627853,-0.002967290838487666,0.024932203934211566
2021-07-27,-0.004568166336586329,-0.011079170487366083,0.0016636888817755746,0.010614810102098644,-0.011177224812507882
2021-07-28,-0.00041004723408058345,0.003834652706357758,0.0050335632022407,6.699162974587326e-05,0.006721236544350437
2021-07-29,0.004138942636040606,0.0017748918969429015,0.011044023020098688,-0.005561709391255307,0.01212134155736633
2021-07-30,-0.004868322639203327,-0.00522538244884844,-0.007918108309762988,0.004692473914931909,-0.023348764351389672
2021-08-02,-0.002100299522563497,8.254152341416307e-05,-0.0012374082182159806,0.008879920294617528,0.0001736694158072929
2021-08-03,0.008102592932014239,0.006043037681260514,-0.0007077270423842932,0.0005310161814264155,0.010710046077353244
2021-08-04,-0.004931146114941319,0.0014438018539298485,0.00023593466942563418,0.002053766481968763,-0.023644796396347728
2021-08-05,0.006312951886172318,0.006323009932521333,-0.003959922253451811,-0.005109940634540421,0.006313375575289856
2021-08-06,0.0016511196847423992,-0.004391950361257705,-0.025308704477345147,-0.016842188690881704,0.011472388667310275
2021-08-09,-0.0008136612256554637,0.0018460685645232413,-0.017894816057729707,-0.003592396276944232,-0.011472388667310325
2021-08-10,0.0012428144823363686,-0.005138978234909002,0.00030914743149373187,-0.004629283741546032,0.016987831745795563
2021-08-11,0.0024820348562189986,-0.001718878235790065,0.01369082807188368,-0.0006139601974942125,0.0029176546310034582
2021-08-12,0.002992384188705331,0.003597639381924698,0.00024383177142714218,-0.0016399000954579975,-0.002264377174440806
2021-08-13,0.0018180446660585282,0.0035041754018489382,0.014224167163591615,0.015672719437947152,-0.010164567965640612
2021-08-16,0.002352186532183394,0.0004337082772947046,0.004975891262677384,0.0024202869038372375,-0.014728409616367706
2021-08-17,-0.006577040166885972,-0.008847151011813116,-0.001496155150116038,-0.0004029745785136841,-0.0068161133914955
2021-08-18,-0.011005351585262873,-0.009671332054150078,0.0007783092556947036,0.003353717069224522,-0.0212831391714764
2021-08-19,0.0015470932800273982,0.004819753905678746,-0.0029367165231408677,0.007338232739773691,-0.030995843115924314
2021-08-20,0.007925592722210927,0.010305195942679446,0.0005400158455303154,0.0006640329371256942,0.00018977904586270976
2021-08-23,0.008758196348747097,0.014845669912916018,0.012104007439095057,-0.0006640329371257777,0.040321074627745424
2021-08-24,0.0015860793686659365,0.003049750919173561,-0.0004742535717267673,-0.007807334415036634,0.008162050837624182
2021-08-25,0.00209627120473556,0.0011479015206960735,-0.006961609676564189,-0.008341063268979413,0.0018046236455858194
2021-08-26,-0.005920544698822319,-0.006370102327191873,0.001133835388463418,0.0027658538992495034,-0.013615517703813088
2021-08-27,0.0089010472803945,0.00967322117758293,0.014917723322635659,0.006780349721162254,0.019189559916030927
2021-08-30,0.004387956157677205,0.011159941284044765,-0.004947859047149437,0.0026059233489051565,-0.01099820388433361
2021-08-31,-0.0014826160613377222,-0.0008156212892075435,0.00200564206756742,-0.006830588995182717,-0.011670559508882714
2021-09-01,0.0005311157730577096,0.0016565225835330475,5.88968847449306e-05,0.0016743500479526653,-0.013851653385647523
2021-09-02,0.0030719959688485067,-0.0004732247919255548,-0.002655242464544409,0.004356337978602441,0.024070983786072024
2021-09-03,-0.00024283557708071395,0.0030713064631057926,0.010637446088029513,-0.009136080053503677,-0.0038201032307940046
2021-09-07,-0.0035817842539763362,0.001414078587566079,-0.019778020504279115,-0.008472057794177697,-0.005848847272709979
2021-09-08,-0.0012191361131727247,-0.0034865532182315785,-0.002507544166051433,0.006783427598182373,-0.009208297856248823
2021-09-09,-0.004289409643761161,-0.0034464613366900518,0.004413734414974538,0.012027379897835028,0.0007398724145357177
2021-09-10,-0.00791571485842162,-0.007618325046917182,-0.005071495164425335,-0.008855286156876993,-0.0020356749837296666
2021-09-13,0.002555806447688034,-0.000690622818352907,0.0033441618437189445,0.006045852330901233,0.02542425576288429
2021-09-14,-0.005410918905811389,-0.0028475448284574,0.006417907636002404,0.012050819870127776,-0.014370574664411512
2021-09-15,0.008317719630065086,0.00740744622527049,-0.005881528710091136,-0.0035134985772478007,0.03315650737199846
2021-09-16,-0.0015862524928582785,0.000687481895241813,-0.022902242747818987,-0.004593194718769313,-0.010691659471219497
2021-09-17,-0.009788960404860792,-0.01191269551740378,-0.0015862999324902439,-0.004814814583775233,-0.011894248961846965
2021-09-20,-0.016814623325404524,-0.020879709605851587,0.007118755657039398,0.012325615260022946,-0.027011069337924406
2021-09-21,-0.0009449937271031812,0.0012296476117940195,0.00664689654260444,-0.0008615480836331941,-0.0009317779689958399
2021-09-22,0.00970736951638285,0.009296914224794815,-0.0037409995549623856,0.005947039358853797,0.028849206181894807
2021-09-23,0.012076990401130918,0.009184918027771835,-0.011613566243419594,-0.022855911198044036,0.03330954754283519
2021-09-24,0.0016457142780837233,0.0009376377360890924,-0.0012850982867509395,-0.009821393005468219,0.008895174175460057
2021-09-27,-0.0028650697493269616,-0.008013987487007022,0.0020798706668898187,-0.003682692506681308,0.02926035194837579
2021-09-28,-0.020357713586206996,-0.028705830625247845,-0.009763940911599527,-0.01569962479856095,0.010400942886893779
2021-09-29,0.0016818793411438027,-0.0016406177960754202,-0.0045149330127863515,0.0017333422751829191,-0.0006677106301645671
2021-09-30,-0.012297735538982264,-0.0036808810218686727,0.01781698430701417,-0.00013825784645503782,-0.01786075929170654
2021-10-01,0.011814103556851066,0.006182703988619943,0.0022505110921036547,0.008380252980719727,0.03524378687087005
2021-10-04,-0.01298005195874771,-0.02121273314091448,0.004667408258473528,-0.002548910094159625,0.012882284633193507
2021-10-05,0.010351283572699805,0.013408424478324237,-0.004667408258473519,-0.009703785140734429,-0.001621586647245293
2021-10-06,0.004147593466088826,0.0063873891915870555,0.002669757352534067,0.00562597649335825,-0.018508369813600878
2021-10-07,0.00860838672476349,0.009133100445192477,-0.005285683868044846,-0.010512871656077135,0.002806597476234432
2021-10-08,-0.0018253805074976057,-0.00499897282751912,0.00042627404378714777,-0.007023451632436003,0.024748916522954686
2021-10-11,-0.007265913057783273,-0.0076991700777460075,-0.0018893655741350408,-0.002540692522882498,-0.010021007713643301
2021-10-12,-0.0024645748296141354,-0.0034940648489970466,0.004504271350483098,0.01695545162655675,-0.005211860996433989
2021-10-13,0.0035910447783970775,0.007976023062370967,0.01763773443447277,0.009679505760067805,-0.002779757596655427
2021-10-14,0.016680992031151712,0.01824936335326698,0.0024434808580754102,0.0037083938073167355,0.015113469939146529
2021-10-15,0.007586729454617313,0.0062806301189312205,-0.0160204917648545,-0.005843834520357997,0.00947117241177456
2021-10-18,0.0029561445196304033,0.010005487663790216,-0.002482990902389477,0.004677796455645675,-0.0004791585781398714
2021-10-19,0.007685080143914442,0.007539166980205175,0.003208519186409284,-0.013890457560023323,0.014913556346448401
2021-10-20,0.003920079387652354,-0.0013057356608215589,0.008725778175468667,-0.00677322598867718,0.0054968174314674635
2021-10-21,0.0026049706443324774,0.006088251708924724,-0.0008991093021597419,-0.001191597009023402,-0.01833481159147959
2021-10-22,-0.001036620044111108,-0.008438061467217383,0.006098334452755203,0.010952573639715045,0.006835742984641534
2021-10-25,0.005348377496263916,0.010186115732170823,0.006890365329616705,-0.0015272072424279207,0.01929924776435714
2021-10-26,0.0008995434331310458,0.00314360674680184,-0.007427027125168416,0.008234549690630494,0.02289054799758755
2021-10-27,-0.004439864187732125,0.0023184006864367334,0.0026206236403640355,0.018030728687757038,-0.02631513616841812
2021-10-28,0.009602417694285846,0.011044218935442787,-0.00023791366260843256,-0.003389770801363434,0.002802858532140438
2021-10-29,0.0020269233431703293,0.004906874305655867,-0.008544299301700552,0.0030518314551638338,0.002484812783130953
2021-11-01,0.0017189282187535342,0.0034128966494302256,0.005207004497418708,-0.007225988377221482,0.017832734412288928
2021-11-02,0.004034917567699035,0.004172705065746696,-0.0021513131388870075,0.00442878100841845,-0.012418606224605559
2021-11-03,0.006086590064792989,0.010559435570743084,-0.0083501482773226,-0.010387567275913952,-0.013825297038928859
2021-11-04,0.004701392855122251,0.01273719945344442,0.011277125295739413,0.010455439690309829,0.0074800962223835945
2021-11-05,0.0034636123443410175,0.0009538880369691558,0.012978359326946427,0.014844489225057057,0.00942594766146006
2021-11-08,0.0008534644621623391,-0.0013556147413555024,0.003585184846901929,-0.0018768473985229456,0.010708446399801575
2021-11-09,-0.003310778666943085,-0.006907317094944188,0.004916006634195484,0.012934629630905982,0.009691400389678922
2021-11-10,-0.008077408121609085,-0.01480597679277924,0.010800248284572371,-0.01845208560863059,-0.01989743480213307
2021-11-11,0.0003235857541004448,0.0027687852371106893,0.005586453042738802,-0.0014857255857082456,0.001867646668917358
2021-11-12,0.007518485452796847,0.010467727930397849,0.0018934614978916627,-0.004402332355916997,-0.007648705237637702
2021-11-15,0.0003422266325833909,-0.00022778758738926472,-0.00154894492430588,-0.012636438890871909,0.008581256774768386
2021-11-16,0.0039500993123934075,0.007095413406200456,-0.007260156004477963,-0.0025461890323446148,0.010047151946639127
2021-11-17,-0.002432245596220875,0.0005281413152018816,0.009095692432078762,0.007893637552503111,-0.010979703483769783
2021-11-18,0.0033907127655650056,0.010308445215620281,-0.0032143154449525086,0.0037537330265672475,-0.01094437568384891
2021-11-19,-0.0017899148523648242,0.005560103900812146,-0.007675708262916443,0.010502303057047732,-0.04732156385112881
2021-11-22,-0.002819003525673616,-0.011677107969563585,-0.02267561664312034,-0.011797314590491768,0.013750505525527963
2021-11-23,0.0013249913304856017,-0.004568475850852993,-0.008690053468478977,-0.014565114843449786,0.025996414737309806
2021-11-24,0.002666290293483149,0.0032150031694606752,-0.0009569597921073518,0.015928005036977944,0.0055287661599203175
2021-11-26,-0.022555627278481028,-0.019140629468724673,-0.0016168462526691021,0.02495535370343076,-0.035760975012384365
2021-11-29,0.012192066022671063,0.021470087969848044,-0.0013795005365548109,-0.008071337470618566,0.005535486143495022
2021-11-30,-0.019649399842292053,-0.014795152846961711,-0.006744546424564762,0.01508813670663847,-0.02882506800819008
2021-12-01,-0.011169431306458253,-0.01715923835947656,0.003980006790395922,0.006149862781909172,-0.0008359158178684135
2021-12-02,0.015200257296838972,0.007181209177156353,-0.005552205835401061,0.001246089984108878,0.02461503116839172
2021-12-03,-0.00873958361670468,-0.01754168542936078,0.008376819081740972,0.011861763545374276,-0.006384460563314599
2021-12-06,0.01177385594471009,0.007981152401999836,-0.0024635953850727986,-0.013830265434362648,0.011268179753496617
2021-12-07,0.02047377194829732,0.029669201094641617,0.0035432060613326127,-0.008112753604659144,0.011142621379151162
2021-12-08,0.0026444278262767393,0.004464566746142341,0.0005393685677794685,-0.017435812378684006,0.002886413655336098
2021-12-09,-0.006774444986763135,-0.01482374158888002,-0.006130129283900702,0.0055778930307899014,0.002558859862425449
2021-12-10,0.009369515313793196,0.01081164353602469,0.004211020685246302,-0.002415563531551159,0.006368330702340413
2021-12-13,-0.008897829073520176,-0.014552290247429716,0.002518126917516811,0.014670702253400272,-0.022144670556668893
2021-12-14,-0.006903748635477352,-0.010404200694469857,-0.009385206339641532,-0.0023856864449390727,-0.001461186721241546
2021-12-15,0.0155041551968307,0.022541482780088145,0.004282351988516796,-0.00966857478841244,-0.004397141737161387
2021-12-16,-0.008857573575791897,-0.026051039576136317,0.012024970840539904,0.00038886983282803664,0.0016307267671805074
2021-12-17,-0.010700073767953608,-0.005001307147742006,-0.002143116686188639,0.011267932762296562,-0.02207666520222819
2021-12-20,-0.010690048051508456,-0.009747952037037563,-0.004240244730917084,-0.00752022940250895,-0.014598887848692134
2021-12-21,0.01760296964397344,0.02213354340798552,-0.00041897618344674124,-0.0038144303469494238,0.022397862334859683
2021-12-22,0.009949025013835891,0.012105069310367223,0.00935611880010715,0.004615849026739524,0.008066453071970566
2021-12-23,0.006202846411237865,0.0075108752387334785,0.002251481491211197,-0.008714805615604759,0.0004917659617511996
2021-12-27,0.014052778280861836,0.016392126259679153,0.002364450476828884,0.0024212735045690973,0.014156949667101144
2021-12-28,-0.0008172611493294354,-0.004645542908477467,-0.004319380340024978,-0.003971447220850112,-0.003236936614426069
2021-12-29,0.0012783201841269506,-0.00014943992669710557,-0.0002965516280151311,-0.010984043914832615,-0.008791890197388021
2021-12-30,-0.002768526510464369,-0.002992792692287124,0.007151581744182501,0.008350986518747175,-0.0059043033951721715
2021-12-31,-0.0025233121944048813,-0.00626440738828722,0.006808358432551388,0.0019589591503829423,0.006558222738118112
2022-01-03,0.005773257454992719,0.00958073708803922,-0.015503300973700684,-0.026600795745184525,0.0376860776224703
2022-01-04,-0.00033497881604502256,-0.01305516307311912,0.007339514803169255,-0.0041668181030546396,0.03692395507050778
2022-01-05,-0.019388881941574326,-0.031202997446767012,-0.003012197052209778,-0.005442837157758362,0.01236066287154806
2022-01-06,-0.000939704428071705,-0.0007028604552841288,-0.012319703780209438,0.0025857299016182034,0.023248258287871335
2022-01-07,-0.00396152368381634,-0.010891792668976124,0.004540812572282988,-0.0072138206863842525,0.008163100107552309
2022-01-10,-0.0012451293466737806,0.0006579019028950504,0.0030355936239956378,0.0024567671345203383,-0.0059701387056146134
2022-01-11,0.009067140179492117,0.014910403966586546,0.01199245713664559,0.006639215552993471,0.04120183528036597
2022-01-12,0.002699732528567449,0.00395760135227208,0.0026391371424113854,-0.003837960286480635,-0.0029475322756888503
2022-01-13,-0.013874351960815377,-0.025334333807699057,-0.003402771341298051,0.008841663519142406,-0.007195141089492668
2022-01-14,0.00040892589880503786,0.006203269196920918,-0.002883829150556528,-0.015225444118092027,0.0174042418473323
2022-01-18,-0.01786809193324864,-0.02520904395336925,-0.0016516182679313014,-0.014174715041147644,0.01669559369141206
2022-01-19,-0.010437873834867118,-0.011044776369793442,0.015755750605134237,0.006899622766257129,0.0004105492308867652
2022-01-20,-0.011129760969163032,-0.013073250683224263,-0.0025020112544038944,0.006148446691922701,0.0021859834021044694
2022-01-21,-0.019826055404683084,-0.02812019535890046,-0.003267771913809988,0.01183594650338699,-0.015126709472731033
2022-01-24,0.004237733940924351,0.004567196331692064,0.005479160681096094,-0.008248819879528982,0.008554248810986416
2022-01-25,-0.01228390118374446,-0.023454355839606866,0.003192034576976311,-0.0016163449296895283,0.028975752430009417
2022-01-26,-0.0025121114386595206,-0.0015658954817724983,-0.01629856790431354,-0.012167865818466666,-0.010195070149678376
2022-01-27,-0.004950194846649655,-0.010121491661772904,-0.01298211532059733,0.018196377209720085,0.01272745706974463
2022-01-28,0.024532039850121663,0.030886964561246507,-0.002987752337666492,0.0003497737759674608,0.002127673237820551
2022-01-31,0.01785080788619063,0.03147771282941871,0.005907056331230696,-0.005183269246951092,0.008992210051998626
2022-02-01,0.0067340815312150575,0.0067806059528994315,0.0008325368758188378,-0.003325542871629582,0.06214145194895869
2022-02-02,0.00966750509087258,0.008092454560926445,0.00361943388995412,0.003381109421885796,-0.002601331301705645
2022-02-03,-0.023785952016366803,-0.04138856273564408,-0.0014224174555621005,-0.00783607988839937,-0.011728326695990072
2022-02-04,0.004691370940451298,0.012535822416806636,0.0015408910869810946,-0.014851971681019186,0.021479523565127577
2022-02-07,-0.0032145671193599006,-0.008076955498447112,0.007375317353577323,0.0006473266062517425,0.011965919488715816
2022-02-08,0.00819436379222857,0.011172686173828026,0.0030522079460774463,-0.006708660603674386,-0.026192424937278445
2022-02-09,0.014529915972212825,0.020969434550570015,0.003393414275398407,0.0018798810925739042,-0.004798884399783747
2022-02-10,-0.01812903142800002,-0.022892640113065042,-0.0038037857675304026,-0.016019728026337676,-0.009666625538948393
2022-02-11,-0.019915632248142724,-0.03223566468119454,0.018875607865561438,0.014718708528674795,0.024867166435650876
2022-02-14,-0.003274655384439877,0.001238205444358406,0.005336451777182292,-0.012519311757517715,-0.01545364120947421
2022-02-15,0.015998112113130965,0.024560163937273498,-0.009545260370239185,-0.01141772422402534,-0.012614300369169378
2022-02-16,0.0011201233619187346,-0.0002529316763627092,0.01023173130733765,0.005908841690019723,0.004605746589870095
2022-02-17,-0.021592661306385874,-0.03019521405642165,0.013575508168976262,0.007411455060967619,-0.0015326301608876507
2022-02-18,-0.006496162404713703,-0.011470859122396187,-0.000733724019731723,0.010471924887243345,-0.011183745743441097
2022-02-22,-0.010789767750070563,-0.010094702734601151,0.002086858856896338,0.00260104969037165,-0.01170191277559662
2022-02-23,-0.017897800056848358,-0.025948736183736675,0.004497100140272996,-0.013877429359119396,0.004045822520864219
2022-02-24,0.014936876640164031,0.033052276039820666,-0.006471023453826176,0.0006580288051559487,-0.01271531797542733
2022-02-25,0.021824183186081023,0.01538795643955184,-0.0033362372759372606,0.0007308623654694467,0.026557141584071343
2022-02-28,-0.002561751382378731,0.0029744108906909414,0.010311993951243732,0.021682083441595192,0.007423555780572594
2022-03-01,-0.015347530877393621,-0.015429995748609546,0.01800043176575384,0.011495375441404448,0.00951862445404489
2022-03-02,0.018229160605017534,0.016640398633964035,-0.010460864384517259,-0.03478027301086264,0.017032377802224326
2022-03-03,-0.0049907901546986586,-0.014388132512864294,0.005935763844875876,0.010133752132049877,0.006312963185042232
2022-03-04,-0.008157973625021084,-0.014597618658458723,0.015803608419049087,0.01711636033888158,0.03694483061487605
2022-03-07,-0.02992244928987767,-0.0375786300089103,0.014753495270293054,-0.007659055318846162,0.03539884510295745
2022-03-08,-0.007610537742298418,-0.004658785345376363,0.026991429368426304,-0.01011057162754586,0.007547156185473032
2022-03-09,0.02645765897857739,0.035365136431112124,-0.030161495266205762,-0.009847392474090678,-0.05852646784530837
2022-03-10,-0.004525657229300731,-0.01116663382526993,0.003116366878477797,-0.014471542271782737,0.030570231405676794
2022-03-11,-0.012796708146316524,-0.020956485288762015,-0.007052696024243029,0.003341442082874813,-0.005167971763650415
2022-03-14,-0.007335037422057371,-0.019391373254464953,-0.01518847505814139,-0.023626240231243906,-0.03645464292796405
2022-03-15,0.02175196953073416,0.03088463865360581,-0.018882610033681094,-0.0017466186054489361,-0.058596591200422196
2022-03-16,0.021932145531680682,0.036415531077156595,0.006241285995487705,0.009759887520933512,-0.0037624003903805976
2022-03-17,0.01243331765592601,0.012033570301298967,0.004876733952655098,-0.007482062833439908,0.02629868592657475
2022-03-18,0.010893100401590352,0.02026133206395427,-0.008828710707897394,0.012139084388478138,-0.0039327253247416335
2022-03-21,-0.00029237544488811023,-0.0027839363799889434,0.00761175501954624,-0.023428718403614393,0.043893377584118334
2022-03-22,0.011633380505988077,0.01946218052424913,-0.007277189924242526,-0.0128945641154648,-0.0043893382886415625
2022-03-23,-0.01296211358539968,-0.014476093267322807,0.013567209576051467,0.0216780727100519,0.015639775992111964
2022-03-24,0.014961862074087435,0.02198327036530725,0.007234137513108609,-0.00786360267569501,0.0030028470762697664
2022-03-25,0.004871885543338523,-0.0008339785042571095,-0.004103860537691329,-0.01396963952656994,0.02159280017104045
2022-03-28,0.007087815350281576,0.015353750062077186,-0.018371517706821095,0.008512704687179495,-0.028452700694106794
2022-03-29,0.012294834878045967,0.017063269307615335,0.00044668806848975184,0.007524167707308095,-0.005327322268368666
2022-03-30,-0.00619382819944357,-0.01110701769543615,0.008006283379257595,0.007771289146281848,0.01697314313544421
2022-03-31,-0.015511112113314608,-0.012472213269795498,0.00038752078804877134,0.0024260510038106933,-0.014305881094184028
2022-04-01,0.00283020651871295,-0.0019050289184260197,-0.00638621587890147,0.0037991082393485118,0.006396858695029199
2022-04-04,0.00853008178312717,0.020379508190197654,0.004835061682683925,-0.0069738051625761735,0.00048072117158071907
2022-04-05,-0.01271176498574687,-0.022454320105413195,-0.006284549046099261,-0.022851206637471793,-0.005183685796819566
2022-04-06,-0.010049557425677081,-0.021950599538597883,0.0023404756196963713,-0.008127264850028985,0.01105895271781647
2022-04-07,0.005026199331657449,0.0023747893289870823,0.0037777415804506904,-0.007560692104455014,0.01659784804302523
2022-04-08,-0.0026776736924516193,-0.014077481140009028,0.006246419748615932,-0.010890252347490737,0.02082800176085499
2022-04-11,-0.017239852133244114,-0.023941890623975774,0.004947206140849894,-0.01595114909237981,-0.035037855324477174
2022-04-12,-0.003712222042561567,-0.004233137362241163,0.007647435301758943,-0.0013815050437288481,0.020655639397009207
2022-04-13,0.01138860602977262,0.02012319702004981,0.004777109287769396,0.002030896633911815,0.014036621677055779
2022-04-14,-0.012529987233648347,-0.023132706472231587,-0.0033090194372706765,-0.02024920939293669,0.011681405588920479
2022-04-18,0.0004109971249658333,0.0007680284734065239,0.0030924062818564585,-0.004981134178674737,0.00816432896810276
2022-04-19,0.01601384663257768,0.02210465296474835,-0.015228268112133887,-0.007518911136050755,-0.008961638860199494
2022-04-20,-0.0007418409558402545,-0.014691684364500234,0.0048830061930919995,0.019925900631852716,0.002276587195538039
2022-04-21,-0.015066275200134685,-0.02090829371453427,-0.003563943502360224,-0.007425855317127174,-0.010629465636916122
2022-04-22,-0.027822687926961746,-0.026534626681767863,-0.009769661352400816,-0.006313707621194185,-0.02207338697684397
2022-04-25,0.0057807058543907115,0.012763899313635344,-0.018134432520229594,0.009950913516485,-0.03429444471171675
2022-04-26,-0.02938851565715978,-0.038475595498026025,0.0015238553873300224,0.010016837350582853,0.000364813452323356
2022-04-27,0.0028077582172421046,-0.0011993027451345495,-0.007585723242633687,-0.01290905312472383,0.028156802361917668
2022-04-28,0.024945739007675483,0.034899841886813464,0.0053838047894630165,0.001488688447508444,0.029797625942932487
2022-04-29,-0.03765583740181134,-0.04604220961800225,-0.00011298334784093811,-0.013058070920378265,-0.02261599247343459
2022-05-02,0.006001452060140139,0.01655765043460808,-0.01871452290294498,-0.0174856355908463,0.013515284762753453
2022-05-03,0.0045736709621116076,0.0010672424665934153,0.0026457593569150124,0.006719259982996986,0.020389882515385743
2022-05-04,0.029998328987874592,0.03325321361182594,0.009774616775434711,0.0054945728469477624,0.03902866287572717
2022-05-05,-0.036189819327909586,-0.051677001950552116,-0.0038184194446891804,-0.027780692896347266,-0.01527399262663649
2022-05-06,-0.005986752019180056,-0.012052856464848414,0.0016545049194706565,-0.01484484689632341,0.015165169168652156
2022-05-09,-0.03254120278845061,-0.039913102158250904,-0.014585347642546313,0.008758959903737248,-0.08213537484175053
2022-05-10,0.002308100697651219,0.012075759234973345,-0.00848106565352078,0.009028656060035244,0.0066085604111137865
2022-05-11,-0.016013645321917243,-0.030107364487636283,0.008133958004822058,0.019088941933409244,0.020604947335705295
2022-05-12,-0.0010444327131001467,-0.00236686577348885,-0.015452706170676834,-0.0018670879697308554,0.004529460052233773
2022-05-13,0.02362611513979479,0.03638981633412613,-0.008142627698810948,-0.014891241280343272,0.02923246808245616
2022-05-16,-0.004065456389219454,-0.011659610279631253,0.009493279652076629,-0.0010351917340378992,0.0232477243442045
2022-05-17,0.020361580571966048,0.025571990695836683,-0.006299094085683991,-0.012157167393823354,0.01267351341005609
2022-05-18,-0.04114671764262873,-0.05033652633207631,0.000531343704844183,0.021093426817441373,-0.01597752382442955
2022-05-19,-0.006143488915750483,-0.00537282014941981,0.014590277160260899,0.002392410626038229,0.005390892622844115
2022-05-20,0.0004364291038825158,-0.003112714795972502,0.000697767757192036,0.011286076111132106,0.007868728098994
2022-05-23,0.018537359063013455,0.016490756987655772,0.004639589893868967,-0.016591179229563977,0.021858345057657325
2022-05-24,-0.007663041933014386,-0.02149129838359673,0.007493711725538028,0.01954030061546524,0.005417314096280017
2022-05-25,0.00879608717221405,0.013897953560404231,-0.006048248796558386,0.00394641482845225,0.019927165698217293
2022-05-26,0.019784458053048994,0.02733044443816449,-0.001850609639927292,-0.004535589030246631,0.0035243462821140156
2022-05-27,0.0242524803776376,0.0321182617561676,0.0005208853826908474,0.002438220579342433,0.009782391085417516
2022-05-31,-0.00562675729321566,-0.0026563492316108647,-0.009942270255165302,-0.021389346993013335,-0.01642690491134231
2022-06-01,-0.008121434570524123,-0.007423439228860919,0.0063488366174163004,-0.0011438075607141673,0.018985251306657507
2022-06-02,0.018864611034669243,0.027017466551539554,0.012234040087981134,0.0005160571393850962,-0.0017388738818411278
2022-06-03,-0.016547858994527116,-0.026364009974447458,-0.010203900438868029,-0.0021521644148648393,0.014433956591469068
2022-06-06,0.0030401620970187263,0.0033257578675185296,-0.004413447852864014,-0.018615577767084158,-0.0025261207487765067
2022-06-07,0.009546485059494557,0.008588623284183586,0.006497267812168451,0.010741940062937102,0.04481236027214999
2022-06-08,-0.010931734475003209,-0.007222443889623078,-0.0009256257836888652,-0.008899735685912775,0.01173304956073099
2022-06-09,-0.02407010315875259,-0.027149949115315097,-0.0031883338247287547,0.003325066820401838,-0.02184491556000579
2022-06-10,-0.02942439076688614,-0.03590763905268462,0.013323135228160962,-0.006221485130272723,-0.0184434462336331
2022-06-13,-0.03870778463832209,-0.047611984228414624,-0.02676735882447253,-0.031882039669002604,-0.04697509451510362
2022-06-14,-0.0030179314181693916,0.001813810893732089,-0.008035407203286724,-0.012693697014687163,0.002604910615727767
2022-06-15,0.014155774875086262,0.024665269539647025,0.012966509676610984,0.01848441503936452,-0.012670873176173481
2022-06-16,-0.03365612967811796,-0.04118289017220487,0.011180446816136464,0.007908018566243114,-0.03758224511349462
2022-06-17,0.0021534714205961626,0.012085959931470295,-0.008256810144045654,0.003217192610955576,-0.05939445250628601
2022-06-21,0.024862042372965867,0.024916559741882966,-0.0037437854344901486,-0.017097598155070524,0.0603787137590764
2022-06-22,-0.001814660341178247,-0.0014591846253965298,0.003977268335422712,0.02712913712320479,-0.04037594944650999
2022-06-23,0.00975475734052653,0.014782495367550668,-0.006148118298448717,0.008181579867126514,-0.03062566730399187
2022-06-24,0.03129882959487112,0.03368982644620561,-0.0009989609969459391,-0.013939645697254427,0.019639257893028363
2022-06-27,-0.003826918042452186,-0.007358654138839622,-0.0011176944418580068,-0.008565287256393612,0.024215157964613626
2022-06-28,-0.020644513304359232,-0.03094049944836818,-0.0016493806069405818,0.004648562042628742,0.02736560339293909
2022-06-29,-0.0008146402153245476,0.0009165365923413247,-0.0007666517068580592,0.015488029935342021,-0.03763920551456161
2022-06-30,-0.008157509626599117,-0.012480616421227369,-0.006095587698335223,0.008743534962166214,-0.02854706945122387
2022-07-01,0.01052082570003682,0.006578888058092436,-0.0008313996785857856,0.010214468108350831,0.022057502852335556
2022-07-05,0.0018869431215206426,0.016974857884838778,-0.021437799680384485,0.00782590826195514,-0.03179657690005238
2022-07-06,0.0033714391864940554,0.006391582669716572,-0.01596901758740465,-0.01693342472864056,-0.018205147364175885
2022-07-07,0.014866241282128975,0.021173254311638672,0.0005548992912700342,-0.008838824507901116,0.03144118082773039
2022-07-08,-0.0008228448273326211,0.001253457939851922,0.00043143823725389326,-0.011138035832974477,0.0016274415209412574
2022-07-11,-0.011489346801764548,-0.021595993649486434,-0.0053749265251639535,0.017097529456967523,-0.005124400936779071
2022-07-12,-0.008888348924024507,-0.009734413738927012,-0.0037236489059839332,0.0059245764284012875,-0.013401040505688199
2022-07-13,-0.00526545455720285,-0.002063353322937568,0.004776265963686179,0.01140078519518895,0.004015722621212109
2022-07-14,-0.002431525605196681,0.0035644182690152248,-0.014146649261641277,-0.008192244940119093,-0.020241213017414692
2022-07-15,0.018924830151264747,0.01797699334468948,-0.0020104758163567997,0.005612641497051002,0.01669872977185997
2022-07-18,-0.008291203517755212,-0.008499021228648587,0.000942949789432323,-0.010473244238196828,0.018284405266226683
2022-07-19,0.02666051684073846,0.03029005844538153,0.002384623832616704,-0.0054093910279007906,0.024891066495318758
2022-07-20,0.006353058032475318,0.015732076529969555,-0.009446509339211243,0.002621003284238026,0.010929263937000689
2022-07-21,0.010131492288288952,0.014253069767771862,0.01401179660226555,0.017128699318799383,-0.016837532356204388
2022-07-22,-0.009321275342812628,-0.017690998556119848,0.0024926409954947677,0.01667127883586407,-0.0076648783179256545
2022-07-25,0.0012142993674069376,-0.005711771796727346,-0.0027423043036363935,-0.009833065695456413,0.032760382328531255
2022-07-26,-0.011901617788581445,-0.019844559298169518,-0.001186514317386386,0.0007663961145509321,-0.003897355906303816
2022-07-27,0.025635030563220123,0.04139094842279554,0.010133467249785824,-0.005633951351712499,0.02141361558417766
2022-07-28,0.012464231441173744,0.009730541789580134,0.01211168004371747,0.007929394164929866,0.011617349052256204
2022-07-29,0.014473785937007407,0.018072899173043586,0.0028071459585694595,-0.0027209852873926834,0.045268029988550805
2022-08-01,-0.002965713368430351,-0.000602798026332284,0.005651232868696488,0.023797763877409325,-0.02560083069180655
2022-08-02,-0.006619268005616367,-0.002985825443752386,-0.005955990148902209,-0.021386723270712036,-0.004349066537073803
2022-08-03,0.015538158551879294,0.026868426754477908,0.002435276067987767,0.01562236704972797,-0.032960036299105926
2022-08-04,-0.0006758070924001266,0.004665200583628281,0.016404693683584038,-0.0003352842282722847,-0.04298953518161115
2022-08-05,-0.001691713223984897,-0.008202105658930066,-0.011309781450742627,-0.024091447404695644,0.014347821340103402
2022-08-08,-0.001161465471641613,-0.003237774724713379,0.008434348290836127,0.016012448699524773,0.005636640882889858
2022-08-09,-0.003978888890489802,-0.011383087728969028,0.003054867797077557,-0.003894139195306706,0.018269760054161782
2022-08-10,0.020786415166757204,0.027528392995235955,-0.0025151110588634198,-0.006552702601362115,0.009448308259682141
2022-08-11,0.0,-0.005692265989294901,-0.002641706914863643,-0.023585611892813014,0.028517667929267878
2022-08-12,0.016787299004003664,0.019283653040790067,0.009155976822720392,0.010089734559796133,0.008654163218184494
2022-08-15,0.004112339886534269,0.00804874839621726,-0.012950528089989187,-0.0008663148745618414,-0.01803375302513627
2022-08-16,0.0019566460415478605,-0.00234451796560364,-0.0017516299628300418,0.004149237359778696,-0.009359168965038538
2022-08-17,-0.007123185992167001,-0.011471648983695154,-0.006489345947105167,-0.010492000493539618,0.008058426228771808
2022-08-18,0.002902136087985158,0.0024020221919474082,-0.0026198444873023344,0.0014807729680793508,0.0233692562589634
2022-08-19,-0.01352912805122784,-0.019689693096781286,-0.007347552958114958,-0.01623337925629709,-0.003184012338353741
2022-08-22,-0.02104240770475432,-0.026679946118572728,-0.00665930336783302,-0.003367549128181517,-0.0007442041850108908
2022-08-23,-0.0024220777334006825,-0.0008274000645586352,0.006966551217581505,-0.005518440990811965,0.04156616931191495
2022-08-24,0.0031958118587950223,0.0028931086329802586,0.002944580504679446,-0.007345550674061551,0.00590093589896657
2022-08-25,0.014018988893372962,0.017527308883173356,0.0030581063588208724,0.013839937843905453,0.005160166921882366
2022-08-26,-0.034435144905020566,-0.04185164382636174,-0.012227153201929956,0.007509285541265839,-0.012388475950755857
2022-08-29,-0.006634211944065274,-0.00990473937280996,0.0006180465249853886,-0.008307442669940802,0.02272956362915784
2022-08-30,-0.011038564560736952,-0.011198737384098541,-0.008375556136480044,0.0024817857238064343,-0.0387974588724967
2022-08-31,-0.007637976380295295,-0.005830643888526839,-0.0077553096129762645,-0.009607117745267959,-0.0075038104689107345
2022-09-01,0.0031328034265116966,0.00043428590139842717,-0.00882902347465035,-0.018477963791665455,-0.018157254482760316
2022-09-02,-0.01060037972903719,-0.014228953390736435,0.00876617372318804,0.005641278854122519,0.01815725448276033
2022-09-06,-0.0037803447836811887,-0.007208041327518226,-0.005856578259356107,-0.025080541596599133,-0.006717867239081267
2022-09-07,0.017805433982785838,0.019999693623766978,0.010117286090114818,0.0156916803214961,-0.008567386667599413
2022-09-08,0.006515113549793163,0.005171033704767239,-0.006020378897494643,-0.010310258652311126,0.008146091712847421
2022-09-09,0.015415802902999997,0.021626937429476287,0.005269846503477033,0.0022181138698203116,0.01661395483760522
2022-09-12,0.010690286492423443,0.011815532153691717,0.005055386193321507,-0.008251034597887124,0.011436780795601667
2022-09-13,-0.04445614234766375,-0.0563977602253763,-0.013096728906648173,0.002324599770081536,-0.023635331560744793
2022-09-14,0.003808550617261204,0.007901965119041371,-0.003855034555311845,0.003430586900395613,0.02424999995721499
2022-09-15,-0.011418196459872269,-0.016793743644748692,-0.018855801737618274,-0.0006483462659740328,-0.029508709037145336
2022-09-16,-0.00765810096300083,-0.006133588059265886,0.005533767627080334,-0.008370302101644397,-0.017230680194604327
2022-09-19,0.007724943201973379,0.007757200453591863,0.0007697907679810017,0.0023320236929554373,-0.00010708757005868255
2022-09-20,-0.011544878222063754,-0.00800312929210636,-0.005722932055293624,-0.010019992717088934,-0.008188192984662803
2022-09-21,-0.01759773026329604,-0.018068070065891714,0.004632228320962459,0.016613775076942606,-0.016249984841734753
2022-09-22,-0.008435431423804946,-0.0123845413791943,-0.0005778441890031698,-0.02587999721379104,-0.0041869573850463705
2022-09-23,-0.016896878464569193,-0.016415509098765133,-0.017427816406674814,0.004075992637746081,-0.05468672945341957
2022-09-26,-0.009941730329469359,-0.004146472336027196,-0.01170141432179742,-0.019295480161775905,-0.02085729244461914
2022-09-27,-0.0025559657084591124,0.00040096721791344316,0.0020477436877313054,-0.02668388174828488,0.02074068644502281
2022-09-28,0.019485167103770164,0.019696911566836794,0.020573557832177892,0.0329334905410351,0.035742593463501456
2022-09-29,-0.021110173731082246,-0.029251102536110136,-0.0001939471718055397,-0.005189098755461191,-0.002027871531305854
2022-09-30,-0.015584353907450004,-0.017102041106190614,6.462035224685361e-05,-0.01299474878531147,-0.01556921963644308
2022-10-03,0.026058633758131992,0.02318918220466577,0.024019005945363412,0.01576455826486442,0.05145359882529455
2022-10-04,0.03051654083858366,0.030956850733717824,0.014226444596111972,-0.0027971639009745346,0.03579635745019625
2022-10-05,-0.00233099794241681,-0.0005318917709067802,-0.005553659432976476,-0.009607491693058946,0.039616263402707685
2022-10-06,-0.010369478450531901,-0.007904386143932032,-0.0011269264553861384,-0.005573911852055299,0.029229464665175935
2022-10-07,-0.02829034429631701,-0.03884885811077328,-0.011023386142689101,-0.009754915086482413,-0.010143264923378033
2022-10-10,-0.007664696048544878,-0.010046520734773676,-0.015318203217156916,-0.015668640426087673,-0.021915034702065628
2022-10-11,-0.006353124672233173,-0.013833630018977654,-0.002060212330939929,0.0044164722716680295,-0.008535102541102567
2022-10-12,-0.0033040238223747014,-0.00034245147344615226,0.005335071671709423,0.004894509374986733,0.00437824101169978
2022-10-13,0.02604895917503019,0.02318176868654722,-0.006947611087114204,-0.009612253847382407,0.03435182310754406
2022-10-14,-0.02305221827398865,-0.030518330512800014,-0.012537160793022467,-0.00828494971618746,-0.026660362496980512
2022-10-17,0.025372324426087018,0.03248789627559185,0.0028720806307473926,-0.0048812806916979255,0.014314036135139272
2022-10-18,0.01168108292303558,0.007876724233453439,0.002148660090392182,0.002341986235599667,0.001787278827703577
2022-10-19,-0.0071117708665861595,-0.0036533671244256866,-0.013488925988338462,-0.018373589727390508,0.02923135680620216
2022-10-20,-0.008420520378889244,-0.0051148538790475465,-0.0015834633753089122,-0.017240965027128435,0.0013480000352157331
2022-10-21,0.02401058714496782,0.023176902966042506,0.01767059741452654,-0.018187241841506673,0.018399858081511816
2022-10-24,0.012162352756383507,0.010941364000846705,-0.0032488658845126403,-0.008298890169406239,0.0069658132994473675
2022-10-25,0.01584242056639753,0.02047484625380447,0.002275353560635257,0.0286968190596135,-0.006777014565315628
2022-10-26,-0.00756271282656552,-0.0223441544860777,0.006343446354353355,0.014304944672182216,0.011829965802475207
2022-10-27,-0.005354125587255166,-0.018373815005914396,-0.0015497241473593686,0.010416041184452541,0.00381965226181628
2022-10-28,0.023511912135710383,0.03014207857630845,-0.01026317410117862,-0.006897806752298373,0.028867826567090808
2022-10-31,-0.007249400179083908,-0.011696272212470538,-0.008194886192774814,-0.007153367925921889,0.0009931006542760008
2022-11-01,-0.0043855904231774965,-0.010270246866141326,0.010151726172797497,0.009302224152641576,0.009878140871436009
2022-11-02,-0.02541633778154361,-0.0348786335822306,-0.006996970202892216,-0.004349771924037817,-0.020766596014122896
2022-11-03,-0.010350231155761815,-0.01972794403410856,-0.003813297433937162,-0.005411598456630296,0.013502095764363314
2022-11-04,0.014290515416063746,0.01595716761025926,0.0302345832528433,-0.016943074480954414,0.010832390558478731
2022-11-07,0.009520065158602632,0.010934612301524498,-0.003970260739379374,-0.010026787996659218,0.011772659296535964
2022-11-08,0.005381071119516268,0.007260781830906053,0.022836328940686813,0.01087555346883709,0.0031628352159697812
2022-11-09,-0.020817485893212147,-0.023346945435803405,-0.005029894759161607,0.00328144135381846,-0.04576853999241388
2022-11-10,0.05349722803545509,0.07119311829445159,0.029990153003992607,0.037752116491891266,0.01458549662034799
2022-11-11,0.009632024638207094,0.018258349265114618,0.00658459794711783,-0.003670658860628122,0.030744269975862836
2022-11-14,-0.008543014989752415,-0.008789781990371252,0.0021852662272774694,-0.0024546127513995876,0.0029151742346483294
2022-11-15,0.008492889561518403,0.013743541108195234,0.0035106980811025834,0.01605096260652697,0.006681252058231184
2022-11-16,-0.0076579170304370715,-0.013743541108195317,-0.0022987420952167376,0.021632443990805227,-0.010747006883215695
2022-11-17,-0.0030646821974705863,-0.0022093240892540615,-0.007293959961673216,-0.010608041339202554,0.0013274172215800577
2022-11-18,0.004530240172392168,3.518159264372215e-05,-0.006917507382313755,-0.006901584645206102,-0.008705576355400745
2022-11-21,-0.0036426999409064865,-0.010340480656393673,-0.0056056352070885974,0.0042064495952449646,-0.009953021659810204
2022-11-22,0.013367210397569216,0.014300080463509586,0.0011730356909015207,0.0140917784417535,0.028516375311294057
2022-11-23,0.006281778215858666,0.009986592411847916,0.006212503317279542,0.017291710067356462,-0.0050047957885598114
2022-11-25,-0.00022359135943628944,-0.0066003590750944915,0.000858102340972588,-0.003395925707715444,-0.0035270210936491917
2022-11-28,-0.016085938305720138,-0.014781690869854843,-0.007934893665371402,0.0028145878876152403,-0.03049290569375791
2022-11-29,-0.001718996029919121,-0.00759836637692303,0.004928261563008794,-0.011795736233942495,0.006625869847197984
2022-11-30,0.031014742511365857,0.04457701213234473,0.012700921015012894,0.007327952051615379,0.007210965085971183
2022-12-01,-0.0007360080430063601,0.0012263399155256224,0.01821784239630758,0.031446240585365895,-0.004861565449017361
2022-12-02,-0.0011544715551346973,-0.003991115788500629,-0.0034616677176241193,0.012496941803024231,-0.008519925214480506
2022-12-05,-0.01815304238141158,-0.016925836056412732,-0.01730780530272015,-0.014105672236505782,-0.027781056613891433
2022-12-06,-0.014519781608277358,-0.020938196128311083,0.0027336344458788004,0.012797708897576846,-0.02818932328506161
2022-12-07,-0.0017024753554355353,-0.004090624736564135,0.008998493556537802,0.023289151609627377,-0.002216500882230643
2022-12-08,0.00780333966929248,0.011765072587123126,0.0008413425277820795,-0.002744446767395309,0.0074011646450541655
2022-12-09,-0.0074983041220508945,-0.00639706830028726,0.0035378943750204003,-0.0263585622232378,-0.008463113478291984
2022-12-12,0.01431445396127129,0.01247314244633917,-0.008294841833501867,0.003192041678537926,0.024329678892214168
2022-12-13,0.007541136973243263,0.010692912280843625,0.016936889733695327,0.009610040394695872,0.010874741554597202
2022-12-14,-0.006413976987929997,-0.007441419522881273,-0.0024359858905979824,0.004261750756071387,-0.0073930917792044805
2022-12-15,-0.024765960220538067,-0.03415322768484826,-0.016494600382901816,0.0038944635841090367,-0.00962723284224705
2022-12-16,-0.011876280354466388,-0.00958012855863339,0.008671019495160068,-0.011233405816563975,-0.007043098820056746
2022-12-19,-0.008515839079610557,-0.014153305129401774,-0.0028218082489996433,-0.016948098817480706,0.004479082312293841
2022-12-20,0.0013676014912902658,-0.0007787456768121878,0.016458298941440037,-0.017916498760685608,0.014349228901112112
2022-12-21,0.014841631620252127,0.014401954508915031,-0.0016573862871153066,0.0025102430320041932,0.012759284159144926
2022-12-22,-0.014368882558937096,-0.024769622888025686,-0.012158980168932585,-0.00019297015729653522,-0.02038028138725614
2022-12-23,0.005735811839417483,0.002246792084774955,0.002993835039254722,-0.014768697987916024,0.026101344620056324
2022-12-27,-0.003951225017407902,-0.014239169130117895,0.008394677302769623,-0.01997126241053733,0.013798526010109932
2022-12-28,-0.012505870996425764,-0.01329085298525775,-0.004515989032750605,-0.005909120784027049,-0.016562812977963606
2022-12-29,0.017840269217852023,0.024082904784807416,0.005582639597805041,0.011287066471408959,0.007537554451999592
2022-12-30,-0.0026375618516113874,-0.0006007033483659409,0.004667758029330661,-0.011186750982210518,0.010022994903631911
2023-01-03,-0.004218732369614414,-0.006782718116332313,0.008335816871946341,0.018904400017765787,-0.03496508103552384
2023-01-04,0.007690719862386744,0.00475299839007285,0.009367889939565922,0.013606857770845238,0.002906169952802078
2023-01-05,-0.01147933408011133,-0.015778312539921267,-0.01252963086748756,0.004172141824465155,0.022127526110659754
2023-01-06,0.02267312856105667,0.027227391963167903,0.01853466381119925,0.01822940455029718,0.01201431452116886
2023-01-09,-0.0005669644176875206,0.006452284949637172,0.0022426010679794787,0.005309901357368479,-0.01881329534538787
2023-01-10,0.006988390682805459,0.008429146371887282,0.003669304474491391,-0.016688180820346385,0.01482461842865047
2023-01-11,0.012568521888932418,0.01715188345984733,-0.0006870298860052756,0.016120666157383067,0.011559827105506919
2023-01-12,0.0036341316462925066,0.005390132000916649,0.011501603213231942,0.019490797458509623,0.016474758468315243
2023-01-13,0.0038719271892143454,0.006857066009483913,0.011930333702592914,-0.009416798164548401,-0.0006184929117437728
2023-01-17,-0.0018335070275190706,0.0020262166054671525,-0.006566591290624395,-0.006484723990280447,-0.0019462096947103738
2023-01-18,-0.015913779333327972,-0.013085023035250547,-0.0028758838411488395,0.02394258625621162,-0.020757684170250985
2023-01-19,-0.007306434851685928,-0.009873041252509263,0.015743931377470842,-0.006279620198904059,0.006398305153489582
2023-01-20,0.018457474496649657,0.026999323916704298,-0.0033409804213138158,-0.01634347964906643,0.018071589374526936
2023-01-23,0.011927163990112545,0.021972826125424557,0.0018946378029897782,-0.004719359787337456,-0.005218736255138052
2023-01-24,-0.0010738970542931514,-0.002044110018743177,0.0036119840879409123,0.014277924345196046,0.009268665642332934
2023-01-25,0.00037475551628210935,-0.0022216672089368956,0.004593393795208086,0.00242168852555619,-0.005285802304621563
2023-01-26,0.01093028366611188,0.019309762065305335,-0.009096515003608066,-0.004662779566641227,0.0394043165194013
2023-01-27,0.0022953170177418213,0.009904937210185564,-0.0013939615756237058,-0.0025271835269875475,-0.01842640943936131
2023-01-30,-0.012626204150847696,-0.020425937142004948,-0.002570014931290955,-0.003661218684146504,-0.017891121661850654
2023-01-31,0.014596119419148621,0.014875134323252433,0.0036296165072691286,0.007962841934777266,0.02134527189516102
2023-02-01,0.010571809363111043,0.021157997706849646,0.012518134528387544,0.011949594075125325,-0.011007928392971432
2023-02-02,0.014452121292734134,0.03526081637067851,-0.0209702840085377,0.0012932496300992315,-0.03178786826581661
2023-02-03,-0.010686093260410657,-0.017932025778525654,-0.025274496401227434,-0.015068698962797458,0.006903557807598661
2023-02-06,-0.006129967801444562,-0.00849519442782372,0.002073259184240806,-0.007431407059025717,-0.001698964670623787
2023-02-07,0.0129937461511819,0.02050707489613005,0.0009200023760844002,-0.008058285116793575,0.028150806438450204
2023-02-08,-0.010995027058667324,-0.01794124118340626,0.002468544755507998,0.004747964493869946,-0.008739766148156468
2023-02-09,-0.008706998256583175,-0.008877334898551779,-0.007943887464013586,-0.009518327486563583,0.0037675764854813755
2023-02-10,0.002331025382393029,-0.006584731321418469,0.0019053779351280687,-0.011252803043733722,0.04128709802352098
2023-02-13,0.011670645016248819,0.015889236288227557,-0.005089097798950408,0.008379606976077232,-0.003897389120600146
2023-02-14,-0.00046041150187224237,0.007361932428649917,0.000753454984742333,-0.0023047859479445798,-0.011783923307216148
2023-02-15,0.0032422606245290195,0.0076318855084469605,-0.010014646847400324,-0.009368611728159372,-0.0030108287280529323
2023-02-16,-0.013864625193757007,-0.01894236687968973,-0.0008195726363130796,-0.014269463517899608,-0.0029336181679539886
2023-02-17,-0.0025013426502393864,-0.0070806948559397455,0.002982339072148569,0.007746371176228798,-0.039210336707638696
2023-02-21,-0.020264818014408045,-0.023960048791666067,-0.0037440046605545256,-0.019628749308448285,-0.000988889359979494
2023-02-22,-0.0013791074049317718,0.0007478792879324278,-0.0056423768979153,0.009122595961873117,-0.013037760146674909
2023-02-23,0.0053052907817936045,0.008696105098683009,-0.0005305918526508475,0.009724465068937642,0.009162279324285469
2023-02-24,-0.01073984324766732,-0.01688594357459763,-0.0072206822499255125,-0.013086168376082006,9.018392533720066e-05
2023-02-27,0.00340015508491969,0.0071356161366658835,0.003912670406128105,0.0027692361642521813,-0.0018075342096283377
2023-02-28,-0.0037029513381324503,-0.0012934586105290348,0.004545621851780495,0.004532957199548305,-0.005805776294482864
2023-03-01,-0.003843241503344139,-0.008071739018982026,0.005755555600934512,-0.010801317400030139,0.008876796719941415
2023-03-02,0.007747187408198991,0.00824177256415672,-0.000585735153896139,-0.008906794183811056,0.004588575637454025
2023-03-03,0.01591058748751322,0.020463217296569948,0.010666001055863707,0.02393711770492864,0.012577544122623158
2023-03-06,0.0006925016433866547,0.0011338978903970526,-0.0050565936951402655,-0.007783648128280736,0.008825337462476641
2023-03-07,-0.01544749257839557,-0.012341636889267933,-0.017635068390636166,0.006113659978847086,-0.01951963812145209
2023-03-08,0.0016308122406351237,0.0049816744576051545,-0.0004745630282821619,0.0009826887551119487,-0.014712115895965655
2023-03-09,-0.018622115075584592,-0.017477532673571727,0.00980112770009771,0.0024523764481658205,-0.007758643845017324
2023-03-10,-0.014534650798579492,-0.014143504854022002,0.021333667247723984,0.033904848317708805,-0.012447904242564109
2023-03-13,-0.0014263246755815142,0.007389099780007385,0.022688861946558777,0.0022704500755777596,-0.011571422142450922
2023-03-14,0.016395165889448702,0.022719744560491837,-0.005807897981361377,-0.016578214188884045,0.003747415383038945
2023-03-15,-0.0062741950683266505,0.00523243848516709,0.007773838437142398,0.019126096552777184,-0.0510274958126925
2023-03-16,0.017393060162097858,0.026019305909463535,0.0020180543660701534,-0.007853307076749005,-0.005823094165276069
2023-03-17,-0.01176149801834145,-0.004737340201755964,0.028704276731304653,0.014897532671155409,-0.011848600078818142
2023-03-20,0.009569670750482144,0.003542684353951383,0.0003807952240648717,-0.0088361041288532,0.025805973556947078
2023-03-21,0.013045044494102258,0.014181314407615508,-0.01905552456933767,-0.008629758907750045,0.04382790008090878
2023-03-22,-0.017193631113520787,-0.013691315610362893,0.016877382247649345,0.013245482826391876,-0.0231547044790638
2023-03-23,0.0026998442254004356,0.011788396952628413,0.012460224063675791,0.0,-0.01134623342535119
2023-03-24,0.006540716862773593,0.00367361469422907,-0.011316136891165252,0.004220380210211367,0.001159612978428485
2023-03-27,0.0018680135790770573,-0.0068747650511761975,-0.009299831745516636,-0.02377161555572609,0.021689360018681495
2023-03-28,-0.0022469701480864563,-0.0053260345410165305,0.008155744573006158,0.0018199921431100473,0.01239900384801228
2023-03-29,0.014430109153898541,0.018069706662796968,-0.0049731154716589265,-0.0020114887527425667,0.017031209881512566
2023-03-30,0.005838339263139723,0.009421099544964761,0.008998964139577773,0.004590765224627187,0.004852426182636215
2023-03-31,0.01399591933456605,0.016493780005933947,-0.0052258772770236855,0.014869775854096908,0.0015513603675864904
2023-04-03,0.003803396522820482,-0.0024335885083680117,0.00717858251921089,0.004691913707596329,0.05732551948540885
2023-04-04,-0.005563557602410656,-0.003378978938677081,0.018469345695108493,0.004959608290200152,-0.009604141660065485
2023-04-05,-0.002621726623931731,-0.009921117061392683,-0.0007982432900847153,0.010400164416275446,0.01698240894802363
2023-04-06,0.0038931870606871213,0.006719183777851156,-0.007159660374899705,0.00258344968451477,-0.016721503170135564
2023-04-10,0.001025910262962872,-0.0005661013415839629,-0.007427401530065852,-0.016255988449833912,-0.004442751561439968
2023-04-11,0.00026876822937931796,-0.006438345893472626,0.00630066529229045,0.0020581800579104782,0.007046818448548109
2023-04-12,-0.004084241843083067,-0.008872846799758907,0.0048732452945133,-0.0010285605159048709,-0.001040798391044893
2023-04-13,0.013195024415969528,0.019392768856361077,0.013425150587981827,-0.007889573661729718,0.0046751224220203304
2023-04-14,-0.0024457035627934425,-0.0018818471325460385,-0.017869017219899228,-0.00918876363269902,0.0024158586414515662
2023-04-17,0.003581828682575005,0.0008472158433870544,-0.00446370276447651,-0.011966837732901903,-0.011701133254820932
2023-04-18,0.0006520565889335934,6.270290376473164e-05,0.0038732698004284223,0.003556880536104526,0.019341010011598693
2023-04-19,-0.00016903932046834883,-0.0004703188608574407,-0.004789973842758077,-0.0009600721623070676,-0.003169197856593696
2023-04-20,-0.0054719513430071965,-0.007653940133711866,0.003930524556986942,0.008513161609531143,-0.00801006810850243
2023-04-21,0.0007765788420996719,0.0010428049595529064,-0.009936876904451757,-0.005635370742759066,0.0031946446205356723
2023-04-24,0.001042617585505257,-0.0020867969078156566,0.0030347260178608367,0.009627681819636687,0.01870142975483756
2023-04-25,-0.016001171538271,-0.01904385542211601,0.005073426510561733,0.014597502824086816,-0.014314996321603247
2023-04-26,-0.004244526378238882,0.006046524770742435,-0.005452222698837164,-0.010715306541511899,-0.0092253048459269
2023-04-27,0.01971242119441819,0.026827623727178753,5.4098929279836664e-05,-0.009971965055715688,0.011882270732462596
2023-04-28,0.008498794130449499,0.006874919531038192,0.0002706158931134578,0.016001819140216228,0.012842071718558628
2023-05-01,-0.0010100842933429117,-0.0011475609371092825,-0.004501468248394752,-0.02925830046817137,-0.03150356174929349
2023-05-02,-0.011302993425425413,-0.00875972487781345,0.01911282169964576,0.02461444364048416,-0.0406694070299455
2023-05-03,-0.0068875652399784035,-0.006565469459919254,0.00844333039400089,0.005566154528754641,-0.019906024522602813
2023-05-04,-0.00710813136928272,-0.0035362432689735033,0.007008337579460111,-0.009927493239133351,-0.017666524827502927
2023-05-05,0.018343256919671938,0.021031703894067992,-0.015771672012865213,-0.003331575240495526,0.02459128978147815
2023-05-08,0.0002665702715047697,0.002474440806035995,0.0012261535425393925,-0.014113785370554813,0.0039488730456674614
2023-05-09,-0.00439506511462865,-0.006353247441440098,0.007061173494320752,-0.0035838619442718394,0.0002748800360073061
2023-05-10,0.00466156434536088,0.010822815834098123,-0.0014294640409972018,0.00965714283890893,-0.01291061954464949
2023-05-11,-0.0017454736111037685,0.003255190229552252,-0.008619799546280105,0.010516512492620053,-0.01826480981094566
2023-05-12,-0.0013111268156840567,-0.0035934896426772825,-0.001711544099310757,-0.008404343618606903,-9.449284070965883e-05
2023-05-15,0.003444052945217781,0.00540034176171243,0.0021389727993926496,-0.010411818025368044,0.0019053403646902653
2023-05-16,-0.0067050751028559855,0.0011315116909509767,-0.01257816833072297,-0.00300856614079739,-0.024569124588326125
2023-05-17,0.012065850739648751,0.012031620008765353,-0.003467895133703326,-0.0029205791224869333,0.02218668019975661
2023-05-18,0.009587092140472282,0.018402992922099327,-0.013057794413406836,-0.007436208781219698,0.009022372360304868
2023-05-19,-0.0014560620832231555,-0.0022559506977201504,0.009850156652287684,-0.0070964472173146486,0.0046222919460039286
2023-05-22,0.00040602831479514195,0.003352414151234516,-0.002344243508491738,-0.0035669816754727267,-0.01221451665653981
2023-05-23,-0.011286371951584367,-0.012757397759650901,0.0012000108481294142,0.0028745200079760566,0.013530973591082109
2023-05-24,-0.007271216403817472,-0.005142955791762486,-0.008101176111367243,-0.0049613021161515145,0.0111221449121323
2023-05-25,0.008622741329540622,0.02404195253107501,-0.00966457904681634,-0.0024900426637195073,-0.018101390024980103
2023-05-26,0.012867595416700304,0.025229292094018235,0.003987606250000357,0.008044715400482029,-0.006551728478234381
2023-05-30,0.0003807640415845768,0.004524743304477555,0.006171471778321201,0.009941672269300034,-0.008899223229885522
2023-05-31,-0.005560695336963039,-0.005702402319384075,0.001537018842589403,0.008679306125303746,-0.01803945287719963
2023-06-01,0.009456339897020783,0.01148615864699615,0.007867103377943253,0.003915823572053645,0.011482147795553755
2023-06-02,0.014357349750843377,0.007471672039520761,-0.014857275420164701,-0.011018659524093895,0.022954337673889248
2023-06-05,-0.0019180482638944917,0.0007046380989096767,0.0060023657211361265,-0.0018647905789812228,-0.0044540149871026575
2023-06-06,0.0021750206851994815,-0.0001691029173143307,0.0010974372841257363,0.0058767211971648275,0.008134868006818173
2023-06-07,-0.0034634936135457166,-0.01711090859989984,-0.012083252758880945,-0.014955257317544053,0.02217331735002738
2023-06-08,0.006030185159309064,0.012336645841735324,0.013124733073092816,0.011629245787207107,-0.0031375291893260653
2023-06-09,0.0017927279345573157,0.0038156185573378224,-0.002688130119841765,-0.0013725651553639442,-0.007422003667102306
2023-06-12,0.009030969980444038,0.016755986731393783,-0.0008792504640156504,0.0029391752329051726,-0.009073549402640936
2023-06-13,0.006571394215419845,0.007654572096130724,-0.00739483312084137,-0.009929716123451178,0.0001879678101944222
2023-06-14,0.0011901534141061218,0.0072412842753781575,0.0005537743402144653,0.007970941786323267,-0.01209853280872512
2023-06-15,0.012321429241232501,0.011845107688831347,0.007005982383036308,0.009560393818774403,0.006918013566871168
2023-06-16,-0.003411995625508998,-0.006312556948832596,-0.0015404017609150433,-0.0038911302704219813,-0.0072032506564926905
2023-06-20,-0.005201798308783656,-0.001432591337169775,-0.010404681043488588,0.006895993156669683,-0.023190868019828042
2023-06-21,-0.005136936273311897,-0.01372137347823244,-0.0014474699268161662,0.002417004101446332,0.011133351310168708
2023-06-22,0.0036032831706697783,0.01172975995828326,-0.009966480697039254,-0.012143441338848053,-0.005502683167563096
2023-06-23,-0.007588865932191214,-0.009962759755308083,0.0027534519339434175,0.0099201744060791,-0.008750735438430066
2023-06-26,-0.004094111535461156,-0.013496293957280754,0.0017380933759117798,0.0010637902599871527,0.0182885774662089
2023-06-27,0.010903793239810635,0.01704783848464881,-0.00460411859047838,-0.0026133898860342224,0.002490135251575377
2023-06-28,0.0005042558903756239,0.0019498985572356444,-0.002310076023493695,0.004255886331478629,0.00809723235164677
2023-06-29,0.0039336761536628365,-0.0020046904449432614,-0.0010723394318449203,-0.01821354747295002,0.012258420508277617
2023-06-30,0.011731539436897554,0.015302558577901644,0.006641221688667137,0.011725896346859539,0.005141450980301412
2023-07-03,0.0011497809923180218,0.0023521963632422024,0.001121247777740352,-0.005685090723547685,0.0019560285686618982
2023-07-05,-0.0014882036166452028,-2.691761938221746e-05,-0.003536277643963551,-0.009547826723293377,-0.00513129927429215
2023-07-06,-0.007861537368550935,-0.007645008860455975,-0.002984649764026069,-0.014243896071432345,-0.038035296716702444
2023-07-07,-0.002527784233668599,-0.0033256204120150914,0.007473004815488796,-0.006037592962912437,0.002329251016517267
2023-07-10,0.0025277842336684816,0.0003272884461427961,0.0007833887164984092,0.0013112274906704646,0.014722348144271506
2023-07-11,0.006348349411781733,0.004928648872561652,0.003740607755698653,0.0051274334658679525,0.012152439325033997
2023-07-12,0.008013702844823249,0.01255091258169018,0.013450555215707776,0.011069372850171164,0.004894944999656832
2023-07-13,0.007905603399044732,0.016836187251347133,0.0007144446386035077,0.010458147380877284,-0.018481279059567982
2023-07-14,-0.0006230097010479354,-0.00021098342433265304,-0.0031917364290746223,-0.0059061649610072505,-0.03504337281962928
2023-07-17,0.0034662018773387706,0.009295223048676027,0.0007163001287566721,0.00049362198913716,0.004349562022137006
2023-07-18,0.0074031060142327855,0.00814755668787541,0.011391151915954547,0.004529039304004627,-0.004547939936557099
2023-07-19,0.002221316619883213,-0.0002334649469026101,0.00016334311378929522,0.011232903386792843,0.006912282245625511
2023-07-20,-0.006656600278341038,-0.023321976876326245,-0.005076251540707524,-0.01221575600732247,0.01746150501790991
2023-07-21,0.0,-0.0030037307544279004,-0.003069238517008006,0.0002950766759972705,0.0046308480934654445
2023-07-24,0.004457322501082012,0.0015959268194005137,-0.0042906650791519445,-0.003643780012602669,0.015568047163260774
2023-07-25,0.0027263465552375818,0.006755195764443381,0.0055524167407640206,-0.0018766387790056527,0.0015148431661648376
2023-07-26,0.00015369925981282363,-0.0033322492613651563,0.0048672507195615744,0.000988084966854345,-0.005598369680383989
2023-07-27,-0.006651915107259416,-0.0023867356192504383,-0.015836715414990758,-0.01964451971834561,0.003135292893997591
2023-07-28,0.009742580103265161,0.01805067767766764,0.007949707574281263,0.005122449954223544,-0.01202414715825857
2023-07-31,0.0019021928182662547,0.0005214738545856129,0.002690787072192315,0.002401826552356633,0.029140885016505934
2023-08-01,-0.002865612027759295,-0.002322413727928878,-0.010418766955581948,-0.016522535342308742,-0.005798115847692237
2023-08-02,-0.01400853433087524,-0.022188289357549726,-0.004776993918500052,-0.010756731089069911,-0.012552639432105986
2023-08-03,-0.002869914210317436,-0.0016040253052834212,-0.00033420291832367705,-0.023341640813686837,0.01723139100897361
2023-08-04,-0.0045331453764536605,-0.004692774417146958,0.003613876354074006,0.017556975136059853,0.0027966537029141024
2023-08-07,0.008690830176039182,0.008431119464773873,-0.002277988932518744,-0.009889986117934211,-0.002050376553753547
2023-08-08,-0.004358138630551971,-0.008538538188361295,-0.006361270240024672,0.011546395279135674,0.004932006591193366
2023-08-09,-0.0067076869390829946,-0.011055580719279059,-0.00476956334967285,0.005157863623180215,0.016844304511382583
2023-08-10,0.0003587402691807758,0.001846584630806334,-0.0010691758408616784,-0.01660003069152078,0.0050981805203641015
2023-08-11,-0.0005831871237661957,-0.006396032501816468,0.0,-0.0023036113483853077,0.015409249307515402
2023-08-14,0.005504786007539762,0.01115962427992645,-0.003045220530389694,-0.002204776841605658,0.0008045363253293353
2023-08-15,-0.011717282820911333,-0.010668435180941136,-0.0026580037072091345,-0.0061132594173252,-0.026008705628956685
2023-08-16,-0.007365071071439004,-0.010645149787936315,-0.005792775189194925,-0.007855080464895949,-0.01697006167039906
2023-08-17,-0.007649124740191912,-0.010983073785629096,-0.0015390561619561794,-0.00427144519283564,0.019186571887044184
2023-08-18,0.0004811126715948872,-0.0012558639023731877,0.0001711135895520659,0.0035253273744045386,0.015015818690023868
2023-08-21,0.00648522923616106,0.015982998125834817,0.00273392964256731,-0.013420197481346601,-0.012160302862591366
2023-08-22,-0.0027123059702251926,-0.0014297344106767192,0.0016481975934526548,0.0076448737250466355,-0.005626960786181197
2023-08-23,0.011076386372138843,0.015645543262750746,0.010113328144583607,0.024475379774007638,-0.008826935631355302
2023-08-24,-0.013956076144741177,-0.02160753583843701,-0.0002248455933195227,-0.006615948261880168,-0.007494189082587806
2023-08-25,0.007024920040729065,0.007721460905171236,-0.0012941233726573686,0.0032612238879869324,0.017707845945714933
2023-08-28,0.0063212829129091295,0.007498997868305787,0.002867238875764686,0.0010491805670951474,0.008371231332749729
2023-08-29,0.014351428389365912,0.021604623828197576,0.00972069237763269,0.010332489123998827,0.00593698738967848
2023-08-30,0.004110340856489163,0.005561440155345165,0.002498750315822613,-0.001038660030529334,0.00969681135115373
2023-08-31,-0.0014644324305125881,0.0029939415495600593,-0.001665111347163996,0.004459562377894063,0.0027919630326519794
2023-09-01,0.001863572444983928,-0.0010587675266102317,0.0004997991755412262,-0.015701264901971816,0.020738594032225225
2023-09-05,-0.004331350637120463,0.0012706001146057073,-0.008195174622491511,-0.014121493286827637,8.805695986719288e-05
2023-09-06,-0.006745210844362565,-0.008847169667073135,-0.004544556063018457,0.0024564451609734176,0.008595105538441533
2023-09-07,-0.0030748116778410643,-0.007177222457890716,0.0010678794784509471,0.0027692850626159773,-0.004902449669265943
2023-09-08,0.0015048507031434986,0.0013965694170855064,0.0003369702787594387,0.0038226080765605365,0.014462763330726646
2023-09-11,0.006554973343902444,0.011713757862376772,0.0018513951035425602,-0.007232035303531035,-0.012621499591304252
2023-09-12,-0.005500601092791281,-0.011150211779654142,-0.005169992663578624,0.005746946951172193,0.028752199030887698
2023-09-13,0.0011654297334099345,0.0038017090692582293,-0.002312682045193072,-0.00021230946152875514,-0.00897704415915598
2023-09-14,0.008585234110776422,0.008144112645640819,0.0005080950731221542,-0.007243812374456325,0.017705610641276855
2023-09-15,-0.012121416287341405,-0.017271259877795177,0.00658210689497754,-0.006113088800918401,-0.01547521624238012
2023-09-18,0.0005861888915951671,0.0010418126136726453,0.00587038313631886,0.005685245932695479,0.008022612574678624
2023-09-19,-0.0020759109665981555,-0.002133582411580468,-0.0009480950413542692,-0.007407854428163846,-0.002638682147984891
2023-09-20,-0.009235926361963374,-0.014515250796218595,0.0007251297423292754,0.003120162100038267,-0.007957937562618339
2023-09-21,-0.016666406031795034,-0.018494500077165278,-0.0072748111459232075,-0.026009365209158326,-0.014189517906964533
2023-09-22,-0.002251106541609755,0.0001396564799412049,0.0031961900557462815,0.008016110122076047,0.0015671765017739867
2023-09-25,0.0041963195639841125,0.00473847702069972,-0.005163898932470834,-0.024916803497606634,0.011160920527737116
2023-09-26,-0.014800239051028065,-0.015130126529228509,-0.008023084937964609,-0.003482153645910634,0.0015474429237999573
2023-09-27,0.0003991975936943398,0.00234072933844608,-0.012443751217319037,-0.005189553469981858,0.03203843378611171
2023-09-28,0.0057806569231685975,0.008330347842360262,-0.005009715204337903,0.003049585129036297,-0.0060916519012985644
2023-09-29,-0.002429893076937126,0.0007259217349239081,-0.010328505518099336,0.00011268270081403737,-0.015946388222531513
2023-10-02,-0.000397714208406856,0.008311086758430127,-0.0105542058560987,-0.016882022645234567,-0.016723390777493248
2023-10-03,-0.013476571978483669,-0.017705466936562584,-0.002892421000056923,-0.021746390728103082,0.0017280182592417598
2023-10-04,0.007255675686661432,0.013516887547881084,-0.00011826350756014561,0.014009200699928913,-0.038098891226694805
2023-10-05,-0.00037700658780626817,-0.0029509765978949836,-0.0018344684108627424,-0.004997459987878726,-0.022768527968666054
2023-10-06,0.011802996906564058,0.01661683036957374,0.005139851922273756,-0.012190902449723076,-0.016839812121819522
2023-10-09,0.006381717759547732,0.0050870148656443105,0.018218478536943455,0.023198610289371337,0.03439275288165059
2023-10-10,0.00519141408051354,0.005522600983209726,-0.0016795054754092334,-0.0013838233581160435,-0.004246236002512093
2023-10-11,0.004087962256570907,0.007110172623882179,0.007276507826110017,0.0206708543137275,-0.03651170518512655
2023-10-12,-0.00611518933044803,-0.0034812101080564377,-0.0030543103873241243,-0.027502396056075542,-0.00018784463033876144
2023-10-13,-0.004993248181426314,-0.012649605980590511,0.03164231938177581,0.01773439344835402,0.031434553232105644
2023-10-16,0.010466384866687349,0.011242961457507597,-0.004876800474351656,-0.016224920004227015,0.0007278539465321343
2023-10-17,-4.582497055573781e-05,-0.003280763180510857,0.0018525567250013085,-0.011081982487719771,0.013011735433239118
2023-10-18,-0.013414667551959036,-0.013204708707576,0.014367113783494704,-0.008836705698011227,0.013907748750123591
2023-10-19,-0.008825205627352756,-0.009400923986107377,0.012199301049654077,-0.02068597166891943,0.0006196408880030737
2023-10-20,-0.012364248885513343,-0.015030321116742155,0.0027271753020748097,0.005662411679976176,-0.017314107001893113
2023-10-23,-0.0017345833029891993,0.003012858713420009,-0.0033827788768209456,0.011941761482145687,-0.014782993093892182
2023-10-24,0.007511037892539779,0.00968120072535098,-0.00010933686369138149,0.013090685651662866,-0.009731740440106374
2023-10-25,-0.014456256539731514,-0.024780276864052212,0.004199991317574014,-0.02251315476997484,0.001843413297701967
2023-10-26,-0.012046812367788236,-0.019251290390584406,0.00157720800379265,0.015222325717858415,-0.009158871438616925
2023-10-27,-0.004543042350827531,0.004789653408305636,0.011562693424814757,-0.004257821142275121,-0.01923581984754442
2023-10-30,0.011884814507292259,0.011202314479886908,-0.0056565149769635704,-0.0045143380212109094,0.003121670223595505
2023-10-31,0.006260680801248639,0.004770932573282342,-0.005471503988171267,-0.0048935440031830065,-0.00028344334303953816
2023-11-01,0.010608301276138975,0.01720799730816621,-0.0031556165767174377,0.02145109251912078,-0.001985960178357157
2023-11-02,0.018983016845805504,0.01799033608991727,0.0033185604405963163,0.02254067479645664,0.03231959404685168
2023-11-03,0.009082086336013968,0.011680342350610842,0.0036323164276059108,0.006755517271027426,-0.012264434208445123
2023-11-06,0.0022977028955582634,0.004071136475063726,-0.00782308105070571,-0.009747466911921542,-0.017880175827706554
2023-11-07,0.002841859220204604,0.00940817925981231,-0.004153745714032089,0.014642267950579596,-0.015803899144047874
2023-11-08,0.0007324325217788145,0.0006437798891066937,-0.010017653470627112,0.01689027389425645,-0.01235886631177362
2023-11-09,-0.007829398108978305,-0.007725367115539352,0.003975057413790778,-0.023269907806165304,0.0002913205867117683
2023-11-10,0.015484213499362522,0.022233232118584738,-0.010969699953245399,0.005584608936023571,0.007643718233074995
2023-11-13,-0.0009535639347649526,-0.003123455416021922,0.005555261386915847,-0.002275491168649602,0.010451023620937703
2023-11-14,0.01921483453630879,0.021298006339545674,0.008879636186604733,0.02241454578923026,0.0038429777691498376
2023-11-15,0.0021148483377047647,0.0007523860498964329,-0.0026390807860946154,-0.014133944792221848,-0.006059185889696643
2023-11-16,0.0012224148389879017,0.0008554587895061455,0.011222864579353571,0.01235022729596701,-0.011643708341545373
2023-11-17,0.0012430498701726214,0.0002331069748258343,-0.00010890827769753537,0.004675644391494042,0.024106653438884126
2023-11-20,0.0076680806239757225,0.012101328508636723,-0.0016347162383040547,0.006089502841238691,-0.004392161812803915
2023-11-21,-0.0021817331168562963,-0.005826296625070608,0.010740019593542038,-0.0004415748096390912,-0.0003828231088629273
2023-11-22,0.0038534691417295265,0.004084616161674959,-0.004271361889171939,0.0035275282068501874,-0.004317107989838885
2023-11-24,0.0006150712337006844,-0.0014109743160880739,0.005188115339681599,-0.01184482099379801,0.0053695389154691355
2023-11-27,-0.0018026619987338253,-0.000873370186344615,0.006715220224108336,0.016566072348026414,-0.005850564981863748
2023-11-28,0.0009897915803738957,0.002617587170035304,0.013243765854618068,0.0019693048007822776,-0.0005772336948093071
2023-11-29,-0.0007037496038645329,-0.0009743695334045252,0.0014783465644929395,0.012492344775400522,-0.015128260347780842
2023-11-30,0.00392969583650379,-0.002517191783971006,-0.004176660491012712,-0.01161826867157444,0.0039009065405805573
2023-12-01,0.0058985711850324755,0.0028505686216154444,0.0171240372669512,0.018659208156377224,0.0024302711566085706
2023-12-04,-0.005263310095084736,-0.009326738258679594,-0.021850417580745678,-0.003986951201163108,-0.0054520590391476855
2023-12-05,-0.00019714495187870317,0.0025075873770279075,-0.003786606077863042,0.021258086694690627,-0.019619299972333835
2023-12-06,-0.00403784382048264,-0.005800642092518518,0.003680115406357525,0.013229747102222354,-0.013330204077325608
2023-12-07,0.00760139277074656,0.013875637994865351,0.001648967455985853,-0.005753416880523853,-0.006986246841053501
2023-12-08,0.004289963687276682,0.0044467255300865175,-0.013430173514668298,-0.00821666921834786,0.011415974614254608
2023-12-11,0.003881986234075163,0.008505845462995983,-0.011104320560253362,-0.0021176841533170876,0.0007028915819455806
2023-12-12,0.0045568143970134345,0.007932754553595614,-0.0005447904909059331,0.0029635217878401774,-0.015885163374747355
2023-12-13,0.013695980793080417,0.012637016547275065,0.02231176448891427,0.023191353529302898,0.008833664136688032
2023-12-14,0.0032042261513642316,-0.0008672475699316372,0.005845435089187853,0.02568019372039843,0.0265352502411078
2023-12-15,-0.0016480197061523505,0.004822389014931085,-0.009208782757507668,0.0011103077507731362,-0.0067167862981742845
2023-12-18,0.005609393384332627,0.006279038306165807,0.004535187656823467,-0.008000026449992339,0.007405799052426029
2023-12-19,0.00606266458379487,0.005096418907656634,0.006790830606181505,0.005373994288380896,0.013096179976360011
2023-12-20,-0.013954370341467853,-0.014971105087865817,-0.005460866362358439,0.006752388343353216,-0.016841786679751187
2023-12-21,0.009437275041025114,0.011568209773958478,0.007045755720440373,-0.0063480336227299105,0.004532177954175343
2023-12-22,0.0020076467649455363,0.0014948091105046425,0.004424614031362936,-0.004559072098443489,0.0017679941890242584
2023-12-26,0.004213579057157479,0.006103105447416576,0.007591842151508473,0.0028394126383859057,0.002254302866760575
2023-12-27,0.0018065345421214817,0.0020335848579112153,0.0045275772625212145,0.017564528446699514,-0.004710604794003031
2023-12-28,0.00037764093076431626,-0.0004861644148611104,-0.005832413160524644,-0.007289371776995943,-0.014565408334282543
2023-12-29,-0.0028991187460824246,-0.004337209603555538,-0.001568069797763166,-0.009060901549896742,-0.002098389309452456
