Date,SPY,QQQ,GLD,TLT,XOM
2018-01-03,0.006304973466936123,0.009669746604966403,-0.0026403330092135157,0.004770108155791931,0.019449789131881084
2018-01-04,0.0042057625611281865,0.0017481703958297974,0.005114278310262769,-0.00015862205073583445,0.0013834461537351264
2018-01-05,0.006642044051857426,0.009992553408262156,-0.001036702137934486,-0.0028591968481123543,-0.0008068579700058558
2018-01-08,0.0018269445863006851,0.003883768918280535,-0.0001596255390370604,-0.0006367913709253598,0.004485758392717319
2018-01-09,0.0022609857106856593,6.156816497532635e-05,-0.004639219643041588,-0.01346305314837259,-0.004255087681586556
2018-01-10,-0.001531103372518702,-0.002340072993092392,0.002402270692406848,-0.0012109996723789571,-0.007983868476928188
2018-01-11,0.007269420385672931,0.006820590812766528,0.003273877321212141,0.004111209287021351,0.009826166839318787
2018-01-12,0.006497950870731503,0.007322130373660916,0.012044492942167013,0.0016880566291634172,0.006763997162756872
2018-01-16,-0.003424255394935812,-0.002861303307550324,0.001652690627169873,0.004167615010560407,-0.006304112652788137
2018-01-17,0.009486416469987937,0.010733281849336666,-0.008132363237354055,-0.0013609738718131377,0.011773710753098425
2018-01-18,-0.0016820079057386808,0.00018079247221617205,-0.002222213448585594,-0.009332721532352943,-0.006498685915185751
2018-01-19,0.004539580830497529,0.003130879198117015,0.0044394996120163946,-0.005268224811539689,-0.003207486128424062
2018-01-22,0.008097747593487666,0.010644483653635078,0.0018177059354296304,0.0009751688412963054,0.012543124443734087
2018-01-23,0.0021203034322062383,0.008233896724358465,0.004961985943158681,0.004293055970243309,0.0005660219096067347
2018-01-24,-0.00038869073692088745,-0.006510349803146247,0.012104345577545294,-0.005430832205164398,0.0026016098088773626
2018-01-25,0.00042396857118948573,-0.0003561509074197813,-0.006697849027902464,0.008175060440958754,-0.0018087833601389447
2018-01-26,0.011511226453247148,0.015208917973214995,0.0007811756386790387,-0.0037150593876365315,0.007103848450213349
2018-01-29,-0.006652035384648605,-0.004867833446038405,-0.005637857183470335,-0.006982886787236828,-0.01118607219097477
2018-01-30,-0.010309838479893807,-0.008264734330983828,-0.004328123373076199,-0.005883697774949294,-0.014074155237898718
2018-01-31,0.000496580346597589,0.004141048076583856,0.00668108957049156,0.005883697774949199,0.0059743830352876085
2018-02-01,-0.0011356149793250038,-0.008537059354245398,0.0032848909860550284,-0.014598716263379772,0.0200717487960124
2018-02-02,-0.022010951477046136,-0.02014659589370893,-0.013204686797240324,-0.00932253249031142,-0.05231594991417757
2018-02-05,-0.04272199799404761,-0.040224771719558516,0.0025286437555192493,0.009405364739094806,-0.05858582633010702
2018-02-06,0.019510718335979442,0.026153401800750157,-0.01055189964568088,-0.006232512896567176,-0.01733456790129581
2018-02-07,-0.005439453813153471,-0.013022336876260277,-0.004716772083453344,-0.00954850667279953,-0.018160234576787622
2018-02-08,-0.03823051868736475,-0.04311083313505979,0.001521419504394612,-0.001094582959129334,-0.011371808998850997
2018-02-09,0.01490971343105251,0.017122261386158025,-0.0016817358427458674,-0.006339085089081991,0.006354011479454789
2018-02-12,0.014577818014876478,0.01758924373305758,0.0047973715177869495,0.004399391660512361,0.008410297497923692
2018-02-13,0.002484308835295193,0.0051481576784640284,0.005647253596785453,0.004463741482537602,-0.001571782873870619
2018-02-14,0.013406155897979815,0.01855038875488395,0.0169088525197643,-0.01115482469567373,0.00209508980582682
2018-02-15,0.012679194252155435,0.018394328614617532,0.0011691607653979673,0.0033932313728353954,-0.003275152109690418
2018-02-16,0.00029291769527778116,-0.004476168933518739,-0.0032769459911664296,0.005405761498862609,0.004320584659441298
2018-02-20,-0.006280852676213615,0.001998664318874657,-0.013532867750937797,-0.004389859948399723,-0.010374959305367757
2018-02-21,-0.004986662858740412,-0.0028472397073923787,-0.004604964057785746,-0.012344359482564375,-0.01141797804185409
2018-02-22,0.0012953448420814887,-0.00012203826208016897,0.005080177401414419,0.002993528110026799,0.012869073005271204
2018-02-23,0.015813400754398806,0.020242930740155134,-0.0012676571223934087,0.008842885744075329,0.021775299604116834
2018-02-26,0.011545624369314575,0.013173590038022138,0.0024545525850455277,0.00033874163051906154,0.016755714179487055
2018-02-27,-0.012565235624779524,-0.012460173841707287,-0.010493774054732095,-0.0014397217510881614,-0.017142626881895193
2018-02-28,-0.010181655121406931,-0.006438082614763799,-0.0010394376248337527,0.0063354618607020805,-0.02297178224546407
2018-03-01,-0.014647612900408955,-0.01646134264285117,-0.0022425027652310265,0.0068033298373952715,-0.00715448836618429
2018-03-02,0.005141500386812056,0.009138654706860013,0.005357640797750738,-0.0081623128898507,0.004643073911064699
2018-03-05,0.011492020821916197,0.01102389631284219,-0.0016761714003699012,-0.0027076834597555763,0.009484855922917125
2018-03-06,0.0025314238702506897,0.004221373893905772,0.010726720619181963,0.0009314749191564014,-0.0011803819096555517
2018-03-07,-0.00036656485569557646,0.002311210471018946,-0.006422202914569186,-0.0011004848008628497,-0.02552634499307596
2018-03-08,0.004827755962130619,0.005490368661244692,-0.002389131123572836,0.005745381105520624,-0.0018871588761575117
2018-03-09,0.017252672943804892,0.019241469739335337,0.000956349666608725,-0.006594079122236821,0.005918261710778662
2018-03-12,-0.0012558524181589203,0.005298837585815408,0.0,0.005750984059427528,0.00907912191341683
2018-03-13,-0.006483781435072668,-0.013708030228838533,0.001909899228192024,0.0050468793173955116,-0.009481227792897026
2018-03-14,-0.00514445326226904,-0.00017459036311177475,-0.0006362480921955626,0.00877098672002701,-0.012556960247539299
2018-03-15,-0.0010908010079352453,-0.000874536808117019,-0.0063846619697597,0.0,0.011079803008194309
2018-03-16,0.0010841718649536663,-0.0029772931223762313,-0.002404835241203122,-0.003583358062649202,0.009362005198824826
2018-03-19,-0.013623003926671061,-0.02156741764576351,0.0021646240154515875,-0.003176460037084453,-0.012996376474477553
2018-03-20,0.0016996979934793262,0.0032862943064223323,-0.0044947919586221805,-0.0040269630666399225,-0.0021605033822261694
2018-03-21,-0.0019214856238040639,-0.004363887002371571,0.017305793278474,0.0010925292809880933,0.014091454204184665
2018-03-22,-0.02531452352402885,-0.02499213133923159,-0.0039610286020946425,0.009860613253016778,-0.020735943721988444
2018-03-23,-0.02154542419238794,-0.02670434620439271,0.01285555168848731,-0.0007490467212802605,-0.0083340380979145
2018-03-26,0.026991331506043374,0.036484423352461735,0.005236622780197456,-0.0038349078539038723,0.015113882340947704
2018-03-27,-0.017157839109979756,-0.03289522364560441,-0.006177451915059315,0.0106357120725553,-0.004062418057062617
2018-03-28,-0.0029591027507188212,-0.01157002313073284,-0.013901136089334824,0.002640965614242635,-0.012149351971809276
2018-03-29,0.012696641074828019,0.018148769719508684,0.0004770798243684067,0.004851986593263676,0.024421307283706502
2018-04-02,-0.021821216884773675,-0.02927578148127769,0.01161839746199109,0.001970805709334618,-0.018806181603644168
2018-04-03,0.012735540494212489,0.011190142613064415,-0.0075722010717776825,-0.007742445548578581,0.024286357069097268
2018-04-04,0.010642671517115858,0.015647185488541496,0.0011868954626521053,-0.0020688765076647946,-0.0020015661952436066
2018-04-05,0.007860850833086597,0.005680268911234541,-0.005153580456720969,-0.007484927495823541,0.015243080262461732
2018-04-06,-0.022538055493055712,-0.025341676401543518,0.004678991304775993,0.010875975912910856,-0.015243080262461626
2018-04-09,0.004916154943353329,0.0069985118822772805,0.0033963960355940744,0.0016507408476848387,0.0
2018-04-10,0.015775578007274266,0.021823159380775493,0.002362787969159084,-0.0018156760825004897,0.028960739830530133
2018-04-11,-0.005256103782492057,-0.005785555592687453,0.007757730797944395,0.0035449230149738995,0.0046602450805619715
2018-04-12,0.008193548191926628,0.01196941603092663,-0.011698777825105413,-0.007351356839067201,-0.002715901795611681
2018-04-13,-0.002937444409434528,-0.0051918534742917515,0.00653361006986455,0.002318541539792668,0.007997016244303202
2018-04-16,0.008188135321188625,0.007593418974272814,0.0014113245973425364,0.0003306556096937176,0.008952719821310875
2018-04-17,0.010641615511478731,0.021296727937336956,0.000939797609092718,0.0027255073192448925,-0.0026773960420869974
2018-04-18,0.0007399490673942433,0.0020449742601932135,0.0007824607184664891,-0.008031100006407813,0.011298270559655684
2018-04-19,-0.005562977991459474,-0.009235009634703058,-0.001957330849889553,-0.00817997138464016,0.0025213246122971185
2018-04-20,-0.008515739516105044,-0.015953424118699808,-0.007630932179694891,-0.007233207224851683,-0.005302269647079313
2018-04-23,-0.00014987494755974801,-0.0025289473167692733,-0.008007927882251619,0.00025278157228224296,0.00718913469514503
2018-04-24,-0.013558924251360543,-0.02141534784566751,0.004844167468111617,-0.004567038735068664,-0.015450976592244892
2018-04-25,0.0024686153796566104,0.0011980747807397315,-0.006517267321502421,-0.00672012897221218,0.014570877978274353
2018-04-26,0.010114468714306567,0.020834093176206495,-0.0035146807713917604,0.006973920990275676,0.016962022574402512
2018-04-27,0.0009381081326357155,0.000617333281908009,0.0042320403061771,0.007683894624246115,-0.038706123572178286
2018-04-30,-0.00772012293395758,-0.00712029688159537,-0.00727744165435215,0.0017645957985216695,-0.000514357550993869
2018-05-01,0.0017753959668966714,0.01136842420036021,-0.007088207443339079,-0.003607779824892788,-0.010342457653558228
2018-05-02,-0.006740068318574659,-0.005915215945489907,-0.00048510316641562344,-0.0010987094607890192,-0.0019515306488383309
2018-05-03,-0.002206371477352144,-0.0001238012473487863,0.005082068394914099,0.004470992649148681,-0.003391259081440689
2018-05-04,0.01286355950513725,0.018796618370151348,0.0020898820929316714,0.00151340562409097,0.004692511229999952
2018-05-07,0.003377540647648647,0.008275233390713371,0.00024084765259023235,-0.001597437592185406,0.01086405218009864
2018-05-08,0.0,-0.0010231944311170143,0.0001605124693187213,-0.000926451268407237,0.004491995260144963
2018-05-09,0.009619140017558425,0.010839960189321313,-0.002088981225264128,-0.0060001418468346715,0.02328953886747909
2018-05-10,0.009307256146968331,0.010311252610479231,0.006813368242228766,0.00801968078055711,0.0221473876695157
2018-05-11,0.0030469342588726454,-0.0009434498818620076,-0.0014389666321499815,0.0025196975500098298,0.00468597416902078
2018-05-14,0.0004761219180236956,0.0017099108483912334,-0.0040883630684626394,-0.005297851282695051,0.006744072172829598
2018-05-15,-0.00691098405591629,-0.01113742577286838,-0.016277595476396185,-0.011448497065271516,-0.000488791852517012
2018-05-16,0.004196222323874197,0.006590479835473228,-0.0015524980696371136,-0.0038450081066151187,0.0028078954414305014
2018-05-17,-0.0008448249854086568,-0.003853902400363867,0.0005722435830601718,-0.005064344113074454,-0.0017085162772670877
2018-05-18,-0.002502971827863814,-0.005181799187787561,0.00040857173330558584,0.008568460267602293,-0.007108431363362614
2018-05-21,0.007490198922352842,0.005597803479787598,0.0005716827532715196,0.000511666295947059,0.011982012086189191
2018-05-22,-0.002784163505095902,-0.001307464872638088,-0.0005716827532715781,-0.001535784965448007,-0.007808729282850788
2018-05-23,0.0027473067411156165,0.00840783493425002,0.0010614187645907496,0.007232951848860703,0.006227449263666309
2018-05-24,-0.0020504119004795917,-0.00029480879130843466,0.00853209120176816,0.007938576877896342,-0.023150845732035612
2018-05-25,-0.0023853445098568344,0.0010022040599964538,-0.0030793967645780895,0.006205261041347796,-0.019625932942557822
2018-05-29,-0.01156806292669148,-0.004428809810015555,-0.00016231041385129715,0.021666263567164674,-0.003690878692033613
2018-05-30,0.013256512595912385,0.007135597514471539,0.001460093554237964,-0.0067305358430830575,0.038523732770488046
2018-05-31,-0.006144672553738936,-0.0006467283884941323,-0.0021909715513725716,-0.0016485162416781073,-0.0031952703334817956
2018-06-01,0.009769966152207755,0.015577392438649067,-0.004967644235411557,-0.005297784910825659,0.007236306914332214
2018-06-04,0.004739819540047884,0.00899051517161306,-0.0009801121170807511,-0.007257843841754144,-0.010564940463287764
2018-06-05,0.0007277794597483447,0.003093056210855499,0.003914822104047846,0.002341238934765501,-0.0035883509380465885
2018-06-06,0.008325654658624311,0.005817166301598501,0.0005696358194504353,-0.008135887527651625,0.016960016339665988
2018-06-07,-0.00010828132797693123,-0.008164887041706599,-0.0004882216623280107,0.009638397212501865,0.00994336917251204
2018-06-08,0.002952408167928458,5.74665913333906e-05,0.0012201695433653895,-0.003006956695996827,0.00864945654621055
2018-06-11,0.001328585265388047,0.0026906800851270256,0.0017868849442266759,-0.0018422078140963802,-0.005998797941604908
2018-06-12,0.0012914451669421767,0.005245814458831185,-0.003332688774722517,0.00025138798390862395,-0.008216765365025799
2018-06-13,-0.003195942353894692,-5.664623971832117e-05,0.003008032375587246,-0.0005031634644145408,-0.011102100583343832
2018-06-14,0.0025147163069761183,0.010073135664489771,0.0015411027282310494,0.008265733924329156,0.004650986752419473
2018-06-15,-0.0012764055056334691,-0.00349693402710823,-0.016672509186741995,0.0009141759092274133,-0.015134217769889777
2018-06-18,-0.0020589293897103293,-0.0005777514389987001,-0.0018972637609840908,-0.0009141759092275452,0.001982093745319243
2018-06-19,-0.003840317678914386,-0.0028369392237949606,-0.0025629178089953803,0.005803402178916699,-0.0014862526421079133
2018-06-20,0.0017042643380907165,0.0070770427345613314,-0.0044802273887545,-0.008801327136786937,-0.0031028614574504193
2018-06-21,-0.006287980430785729,-0.008726129833610577,-0.0017477352868705306,0.005240044059113455,-0.009491733691616258
2018-06-22,0.0018212421253262418,-0.0022221006572672912,0.0024126912728642744,-8.271414393712807e-05,0.02098562110648766
2018-06-25,-0.013706104527416054,-0.022788030435760855,-0.003746388732216758,0.002237688343648294,-0.02035809394339281
2018-06-26,0.0022116072578810763,0.004076325017101657,-0.0052686490212925504,0.0014063088779623567,0.011223518950346026
2018-06-27,-0.008318916990739562,-0.013692380261057941,-0.005718147886604777,0.009379990782157734,0.013181625005643736
2018-06-28,0.005701365022651876,0.008565509089769448,-0.003040547998821346,0.00024483254589777637,0.003176852790865539
2018-06-29,0.0014384462228611687,0.0026833699947197776,0.0036306900201949913,-0.0034444037802818074,0.009229328486108995
2018-07-02,0.0021355399273415773,0.006677137427121537,-0.010080153442110952,-0.0007824525353376392,-0.011794497142220027
2018-07-03,-0.0035374049339662594,-0.011641627674920675,0.010080153442110855,0.005342255088951596,0.005853793153828905
2018-07-05,0.008125063904806407,0.012335837939271486,0.0033656028250155126,0.002864924396666458,0.0008508831953350449
2018-07-06,0.008422513030598476,0.015436245769430774,-0.0015972634935638506,0.003263742459280769,0.00024255000804927459
2018-07-09,0.008964326089457065,0.008957368658246876,0.002436881277559937,-0.006456921941094138,0.006900020065829751
2018-07-10,0.0035917632988530256,0.0007333384145422456,-0.0018481290459546572,-8.1803700436834e-05,0.00912547511001605
2018-07-11,-0.0073414408773159,-0.005088453232787493,-0.010905978807671088,0.0038469371537749306,-0.012872329293853743
2018-07-12,0.009025131405198492,0.017084872735564628,0.0041565812124297165,-8.196918357369273e-05,0.0012101695234792412
2018-07-13,0.0007874653686309664,0.0008356339687094244,-0.004411618657356192,0.0025294345853798163,0.007470053565673706
2018-07-16,-0.00089456415514866,-0.002397342860840111,-0.0005102701051305093,-0.004164467544378507,-0.009891395326830357
2018-07-17,0.004036825929432479,0.006064826125319993,-0.010862735754725461,-0.0018836739088764953,-0.0021845436523636815
2018-07-18,0.002101755536349566,-0.001887651371320698,0.00025795416772476286,-0.00402529881007894,-0.0010941636857852075
2018-07-19,-0.0037787755121524392,-0.005014456538177164,-0.004308123245285948,0.006318080297496624,-0.0025574919597437288
2018-07-20,-0.001143589225043355,-0.00022351319421828897,0.006455244826308788,-0.012345026071335885,-0.007466030601019017
2018-07-23,0.0018577535163151258,0.0031792832868094596,-0.004815949835095058,-0.012414955806794971,0.0
2018-07-24,0.005019253114650577,0.004112965305867349,0.00034477603659500224,0.003431406931805464,0.019586012344260013
2018-07-25,0.008486621634919124,0.01388006703890941,0.00550018047205447,-0.0015891887861750628,0.006962702566943659
2018-07-26,-0.002362151838394058,-0.015267635616835275,-0.00782971239395345,-0.0019265949816905969,0.007746004185993252
2018-07-27,-0.006799169853491665,-0.013588242468867851,0.0005181795313150905,0.0016760897908772406,-0.027926923878842207
2018-07-30,-0.0052374766564266175,-0.014231940689944897,-0.001555212880989931,-0.003438222619732209,-0.0021996947723554026
2018-07-31,0.0049174456563195286,0.007623033745268591,0.0029355602050311473,0.005444942506519563,-0.00281746073912894
2018-08-01,-0.001672073150975242,0.003790152821805806,-0.007355188129705078,-0.008180116101353562,-0.013835976073281688
2018-08-02,0.00543289608187035,0.013514732735607961,-0.0053993230298752665,0.0014340525772618894,-0.005989183804814656
2018-08-03,0.0042759912648021176,0.0030589165760115814,0.003486767260953241,0.00496134511518417,0.0036228661328490262
2018-08-06,0.0036601793671651264,0.005868866745276438,-0.005147198608389075,0.0005865444643888147,-0.00024953761926114375
2018-08-07,0.0032969943391547326,0.0036374464157585907,0.002271488910587502,-0.005210849997680472,0.013502802843248311
2018-08-08,-0.00042041272472420046,0.001209018588112304,0.002788736658924094,0.001010680828769457,-0.006666658760567967
2018-08-09,-0.0013671854474092814,-0.0006043265783239148,-0.0014805645831976347,0.008383011770258702,-0.0050916391747961465
2018-08-10,-0.006722770671001447,-0.007670662272729983,-0.00043582289228197795,0.007236888966759699,-0.0010069718573520253
2018-08-13,-0.003750516611452318,-0.0011083871504795715,-0.015199092023381782,-0.0020748732192681705,-0.010887169491554487
2018-08-14,0.006360661974009457,0.0062470403905797,0.000973327608104041,-0.0022447219562281456,-0.003187238863060147
2018-08-15,-0.007495427741671699,-0.012310267212691081,-0.016766621575930757,0.005809896238479368,-0.01764951057611924
2018-08-16,0.008059098725683996,0.003286381132250092,-0.0008097887609237462,-8.277609846873449e-05,0.013682699741251926
2018-08-17,0.0035137682827673564,0.00022257089472581558,0.009228205066865915,0.0012406043104876507,0.0033281975005693197
2018-08-20,0.0021381135482114407,-0.0008902235684800642,0.0049818196508907165,0.006673318409659959,0.007003102053098661
2018-08-21,0.0023425459740500478,0.003666274097264662,0.0029240568705197916,-0.003372254274937656,0.00025375265426536475
2018-08-22,-0.0005941708041034661,0.0038735337727864665,0.0022095550764809732,0.0039464250915898945,0.014232515638026353
2018-08-23,-0.0013285127967253502,-0.0014370637605684363,-0.009491353686729823,0.0015586180169966418,-0.011066336168496248
2018-08-24,0.006000514017668396,0.009249132509715907,0.017318039357996126,0.0019638148213088845,0.006805518468680252
2018-08-27,0.007863905333439785,0.010141312627061359,0.0037595032326643405,-0.005740335737468067,0.009748700744862816
2018-08-28,0.0004831642679446879,0.0014636710548765668,-0.007973022006627225,-0.006021643937499921,-0.0014935763592749314
2018-08-29,0.005366153215377715,0.011471593616268193,0.0045637840256251986,0.0013227105048412935,0.007198821331020056
2018-08-30,-0.004056493525989998,-0.0017687007142397082,-0.004915718883921124,0.002146027331218238,-0.004338269313026901
2018-08-31,3.419474405748716e-05,0.0012866692342282016,-0.0011445940280617694,-0.0023112605516812847,-0.004231648600682815
2018-09-04,-0.0017234213702071407,-0.004295034493429662,-0.005122797149079999,-0.005798349945578251,0.0014956240695656639
2018-09-05,-0.0026954744750336693,-0.012997871961597338,0.003447511831347845,-0.002669526963916576,0.013238955729282914
2018-09-06,-0.0030144890957722083,-0.008980170845025922,0.0019395335367870974,0.0036687551707257683,-0.011123887181941097
2018-09-07,-0.0019449254983929516,-0.0038575245646967514,-0.0027340278330774677,-0.00852563777272605,0.016883920623178825
2018-09-10,0.0017370120212318568,0.003362330612303017,-0.000706792407982718,0.003686504010174565,-0.0014678533356785024
2018-09-11,0.0032920453804871443,0.007674915894017278,0.0006184538252070439,-0.007639494875301192,0.01397655846118958
2018-09-12,0.00024210219221340227,-0.0029533592305040907,0.008355710260063364,0.002356742765490786,0.0032527195103895993
2018-09-13,0.005897297783756026,0.0106236793262465,-0.0035975648169408914,0.001512230632661352,-0.009791451553855541
2018-09-14,0.00017171692016164654,-0.0029308468404379874,-0.006526220333750846,-0.004796731664478194,0.00726228510921311
2018-09-17,-0.005308273714956397,-0.014507492699787438,0.005206771454576303,0.0,0.005891727931277608
2018-09-18,0.0054113608061031136,0.008237460376792592,-0.0014974516487718237,-0.010514219455015154,0.002634140253696337
2018-09-19,0.0010650849060214556,-0.0007655876852106894,0.0038711539862427546,-0.005985505829063487,0.011886460801801519
2018-09-20,0.008071004897271741,0.010995604561456174,0.0034188014897895418,0.004620315778463418,0.0022425431181475647
2018-09-21,-0.0009139633041164572,-0.005482864237144534,-0.0068493312914384265,-0.0004268505893001802,0.0041180255209965575
2018-09-24,-0.0033274324566419087,0.002777307058994937,-0.00017621292914007548,-0.002565183565712176,0.01665030050777381
2018-09-25,-0.0009278810864160285,0.0013585241541217087,0.0015850681638403528,-0.0010283138518679027,-0.0011553223747330305
2018-09-26,-0.0029973664310360675,0.0007058812869966412,-0.005293338005935142,0.007003374846397715,-0.00835874037730109
2018-09-27,0.002790699540561102,0.008430126473820913,-0.008884998236125718,0.0006809582071215027,-0.00011624198745535155
2018-09-28,0.00010327977017574527,-0.0002152053405796221,0.0063164577082286105,-0.002639713056537035,-0.008783151166767136
2018-10-01,0.0034681311355816004,0.0020431428166701945,-0.0016864375351172442,-0.007369006923856531,0.009249298310933643
2018-10-02,-0.0005828558429824151,-0.002258480763059352,0.011482223287117932,0.006094715262570809,0.007546407322120482
2018-10-03,0.0005481575473061359,0.001076140137277078,-0.003959744500981412,-0.01752418309680292,-0.0035917128393667236
2018-10-04,-0.00784654223634456,-0.019385533719028528,0.0005289130805079614,-0.007079174972597876,-0.006638518274183397
2018-10-05,-0.00561240394202236,-0.012302461083870078,0.0028159089867124108,-0.008631792328438411,-0.002807810333643714
2018-10-08,0.0,-0.006124715260217805,-0.011133826368821452,-0.003367108629730484,0.009213825442815883
2018-10-09,-0.0014602838563533332,0.0032340844574969834,0.0005329800140063239,0.010067755966290016,0.004402467482226083
2018-10-10,-0.03217524953581072,-0.04497580016131955,0.0024835810584159217,-0.0027278535804885354,-0.02327169077516299
2018-10-11,-0.022272853042081178,-0.012480759824556214,0.025366544894876334,0.012086227290947594,-0.03515907280624984
2018-10-12,0.013792811798635955,0.027450017498604283,-0.0047616679491750925,-0.003488093945604026,-0.0026997591805092078
2018-10-15,-0.00563276008126061,-0.012178025191002662,0.006660030947980057,-0.0004369626958827255,-0.006904954050363742
2018-10-16,0.02163027010097983,0.028677511016953136,-0.0017255996137757622,0.0022696558525735445,0.004690638040773624
2018-10-17,0.0001781576303286274,0.0003948536703453795,-8.637796161615032e-05,-0.005946926839352292,0.0036877189087081356
2018-10-18,-0.01454620734956279,-0.02345559971412394,0.001122068685606197,-0.00035121490067137345,0.004285485116662411
2018-10-19,-0.0005427135593198724,-0.0009241204836289308,0.0007761304849288288,-0.002195679823003713,0.0014649483168019072
2018-10-22,-0.004498814167807141,0.0051302333937594475,-0.0025893597255193914,-0.0013201476808694136,-0.01005402985117741
2018-10-23,-0.005103943065147679,-0.0036863291018410026,0.005859562733875961,0.0031647415900325133,-0.016274798506883445
2018-10-24,-0.030767183152135415,-0.04684722261755761,0.0023171370069294235,0.007520982227811137,-0.02819965812287307
2018-10-25,0.01778168515011604,0.03401019846931278,-0.002231204310531111,-0.0041904645681192995,0.008850635026414757
2018-10-26,-0.017743986984579897,-0.02605855533936314,0.0031736109331066205,0.006018212518785076,-0.010010534829769002
2018-10-29,-0.005555571645748527,-0.02079554644993251,-0.003947139978932357,-0.0022636137765368806,-0.006210430760857198
2018-10-30,0.01470959066963492,0.016345785856541572,-0.004394427867848015,-0.004980615362932163,0.0222046702375616
2018-10-31,0.010624474154836474,0.02323314180532302,-0.005628951974666804,-0.005092874699091182,0.011359559875049783
2018-11-01,0.010585734840462043,0.013104074607783987,0.01277086763550321,0.000925716703705284,0.01234805646286087
2018-11-02,-0.00594076034390898,-0.015698348299407566,0.0001715043948444399,-0.012510652203125833,0.01574243342761667
2018-11-05,0.00550182397077671,-0.0024827282466530222,-0.0024032178261358607,0.0039209340201063906,-0.0037898848860614997
2018-11-06,0.006307695835307834,0.007547078684400241,-0.002839826579174042,-0.0006228561348028155,0.004277755609207667
2018-11-07,0.021182999643936943,0.0308857368813146,-8.61993040877103e-05,0.0013336950553482516,0.01260486843977437
2018-11-08,-0.00181614762373576,-0.006399365595354305,-0.002156939731312277,-8.82855186533991e-05,-0.016025766556800308
2018-11-09,-0.009816238721392964,-0.016995731172134577,-0.011291663536045476,0.007438120053716103,-0.00024705817736838054
2018-11-12,-0.01886230875157851,-0.030726016762749955,-0.007188596482678694,0.006507220783690559,-0.012943670889662034
2018-11-13,-0.0018729407574454137,0.0008415125742733384,0.00035180582721631255,-0.0006135938896833293,-0.023190679397203012
2018-11-14,-0.006860113088139641,-0.0076583092996776415,0.008233404279793029,0.000613593889683369,-0.00785072255228027
2018-11-15,0.010382640705126208,0.017342499398250496,0.0011333182475063862,-0.00043869803443693053,0.010283841127206188
2018-11-16,0.0025973150549037454,-0.0035158230659366823,0.0073788789662288,0.005770973794254484,0.009799599002018385
2018-11-19,-0.01705935653989492,-0.033017326450714285,0.0004323180677422659,0.0027860217601821846,0.00328742698511584
2018-11-20,-0.018679430156112196,-0.018056564757115652,0.0,0.00034763488747736654,-0.028813025334222503
2018-11-21,0.0034018061731837515,0.007573990755384374,0.001641277459165227,-0.00034763488747735857,0.007636001782825972
2018-11-23,-0.006701036215501621,-0.007259562561301136,-0.0007771357154266267,0.0010430405287670996,-0.02705133042105511
2018-11-26,0.01601503287777078,0.022850757039975945,-0.0011235233509469095,-0.0022608400454524804,0.019545228751622276
2018-11-27,0.0033589593641080643,0.003370909124662709,-0.005984687209490868,0.0011312667679136785,0.0009088980992852672
2018-11-28,0.02276416356898022,0.03167607588347373,0.00373378036345705,-0.004881296801393606,0.01800715297118846
2018-11-29,-0.0021873537888358646,-0.0032655382579087205,0.003115272664463216,0.003923949575409734,0.007745394352096735
2018-11-30,0.006076462726371685,0.007229076440068769,-0.001729479411524255,0.0037357029225791767,0.00554984803620425
2018-12-03,0.013154726848270697,0.017325891551403308,0.007501675441848404,0.007075173814478088,0.021404755132673453
2018-12-04,-0.03293879424928751,-0.03911165792102066,0.006080599945141696,0.016602750921774625,-0.02228549610052015
2018-12-06,-0.0015182917392013683,0.007035303108461589,0.00017072178718187972,0.003135594193353143,-0.0131800183713421
2018-12-07,-0.023510250278364803,-0.0335730430594677,0.008077219150826301,0.0018597961665658472,-0.009613256446095102
2018-12-10,0.0018954659168600998,0.010417603723695096,-0.003477935715567025,0.004129380838374592,-0.014269395437877043
2018-12-11,0.00022684831779344215,0.003306069683875419,-0.0011903699128753065,-0.00016799991567311722,0.0018272666989459947
2018-12-12,0.0050228647313343535,0.008762860927300553,0.00212467676965701,-0.004468357705853921,-0.008644274395838489
2018-12-13,-0.0003391683968682066,0.0003031120072550941,-0.0022097759847801487,-0.0023685958998148457,0.012549125461278595
2018-12-14,-0.01863710276264584,-0.024650398280033108,-0.004007006751401848,0.003466586749900748,-0.01835384002859926
2018-12-17,-0.019813401979148163,-0.022920421107296078,0.0068957425332182515,0.005807129330359037,-0.020586424311748883
2018-12-18,-0.0010974083880616304,0.006268834850176102,0.0023726710074086807,0.005970303246168924,-0.02793901660638591
2018-12-19,-0.015088718659576473,-0.02486119739118288,-0.0061126025718981495,0.013124416911622385,-0.017089836819262388
2018-12-20,-0.016412035597680896,-0.014602141163166563,0.015295836918707156,-0.0036376084819179214,-0.030846817303572617
2018-12-21,-0.02070217424554009,-0.03148359345401875,-0.004370461193212718,-0.00016528444272393702,-0.007458905866227593
2018-12-24,-0.026778371765110578,-0.025110639977500848,0.01089057789030817,0.004957276970759317,-0.03906807365810748
2018-12-26,0.04928979571430364,0.06056755411172613,-0.003003949025405859,-0.010773068798352032,0.04667274209779457
2018-12-27,0.00764823891871877,0.003862057488431202,0.0075760760319352385,0.00016656551345149123,0.004361007903103741
2018-12-28,-0.001290742945931875,-0.0005230646778839772,0.004055775698519239,0.008379103345873173,-0.01123193705689177
2018-12-31,0.008720488130533083,0.008397816003502381,0.0015682595209626012,0.0037927802265892733,0.0002935491323910786
2019-01-02,0.001039583032596547,0.0040109830948116,0.000659591337713554,0.005253075155885774,0.021758497771948975
2019-01-03,-0.024152134247170248,-0.0332155265088586,0.00902531942317299,0.011315140149285656,-0.015472352120699374
2019-01-04,0.03294705041778017,0.041894392329922946,-0.008119106827353268,-0.011642620919340204,0.0362061016657289
2019-01-07,0.007853965126655805,0.011834971519342619,0.0034525160778516237,-0.002952475564122176,0.0051868445033297315
2019-01-08,0.009351332677580688,0.00900493341931068,-0.0027117139907279018,-0.002632109147385471,0.007244231568558347
2019-01-09,0.004662714470647293,0.008116589876391297,0.006397649700215412,-0.0015658635908948944,0.005260861565578151
2019-01-10,0.0035212202239374244,0.00285628488616018,-0.005904086348646452,-0.006454046565973456,-0.005121849563254048
2019-01-11,0.0003862233527632897,-0.0036651150165871458,0.0017256811414607263,0.0038942639583213886,-0.004590763726284169
2019-01-14,-0.006119679726486453,-0.008876157898903154,0.002378067354322114,-0.0037283858180258817,-0.00125599851315362
2019-01-15,0.011395770735636187,0.01933858974983913,-0.0017215161032263467,-0.003658861230213551,0.0005586652841602628
2019-01-16,0.0024168228942080022,-0.00018484766901945548,0.0031947551186356582,0.0009994444225673248,-0.00041893234123404537
2019-01-17,0.0075579059852971964,0.007853102633584366,-0.0013094038577051105,0.0002493488259256894,0.006816500710340368
2019-01-18,0.013222460530350732,0.009852107811577547,-0.008966489387798326,-0.005255316427663858,0.011852541319827511
2019-01-22,-0.013602642566865338,-0.02023400419409674,0.0035468368649853345,0.006752081502880011,-0.01518525085145555
2019-01-23,0.0020902508715402706,0.001295996218357274,-0.0014007184915951448,-0.00041520508315370563,-0.00824074429954072
2019-01-24,0.0005314917044741681,0.006454514388749712,-0.0015678713054947328,0.006544113150417011,0.001401485251356816
2019-01-25,0.008425691258386861,0.011878102160414737,0.014511460180241248,-0.004800635399229317,0.004471733439698832
2019-01-28,-0.0076293709933598,-0.012429666347606365,0.0034938106026215594,-0.00099645396257143,-0.006715158802018903
2019-01-29,-0.0013278119695011898,-0.009485949591407729,0.005580978043920208,0.005053677537482565,0.0037828612875178973
2019-01-30,0.015706812161426838,0.02511950144314953,0.005710387238117351,-0.000743807518414937,0.010848678073581478
2019-01-31,0.008743961182374298,0.014857611754776462,0.00048105804332541224,0.008563007887430247,0.013601372364038621
2019-02-01,0.000481772598884089,-0.004230912152305227,-0.002006018726865743,-0.006057932869881407,0.0353930579447967
2019-02-04,0.007010736360852892,0.012344960476998235,-0.0043467903708823,-0.004474476801515148,-0.014595329080849177
2019-02-05,0.004183032712458516,0.008808986606159929,0.0025781491687657575,0.004556811764601322,0.010238735545046097
2019-02-06,-0.0013192065750575307,-0.002986351500077719,-0.006781846869660092,0.0004962993239484243,-0.004374945279638442
2019-02-07,-0.009578386943429449,-0.013520512346910199,0.0024273450059934865,0.006588491668424601,-0.007736453005959884
2019-02-08,0.001220592823965711,0.0019597553323694966,0.003791101346321012,0.004258846719135572,0.0016233772705505436
2019-02-11,0.0005544946884576877,-0.000949313668616931,-0.004923141507008373,-0.0039307302477020484,0.0016203889646659252
2019-02-12,0.012777469601590234,0.014677541747015906,0.0021013677593768472,-0.0025471094795668538,0.017391740248263423
2019-02-13,0.0032414701603926364,0.000701978614693369,-0.003963908091330168,-0.0037915126032301563,0.0112105688404602
2019-02-14,-0.002220628845203869,0.001227394757344493,0.005577307519395154,0.005681657785867329,0.0002619946387308061
2019-02-15,0.010838394831367525,0.004196318855110669,0.005947180522781207,0.0015592552558114157,0.01870448438892396
2019-02-19,0.001729226295727144,0.001975580741703732,0.015109582852092095,0.0025374957129807056,0.006669144782237155
2019-02-20,0.002013311442944861,-0.00017441008847006637,-0.0017378437981698566,-0.0028653940742782067,0.0038274790383037776
2019-02-21,-0.0035619425025564737,-0.003664255259602699,-0.011370537714508392,-0.008979224113225149,-0.009082246980299922
2019-02-22,0.006180553108622165,0.007372906904228532,0.0035920768439101198,0.005939494420929274,0.007680666667651058
2019-02-25,0.0013601952839736259,0.0036373872904052707,-0.0010363715360959395,-0.002965572508770674,0.0010194032961198332
2019-02-26,-0.0007155587755730807,0.0010367885946925182,0.0016736332310033522,0.004937954042100437,0.002036098146939461
2019-02-27,-0.0004296911319870182,-0.0006334704039582343,-0.00711234367844341,-0.011393349948732059,0.01024487936997948
2019-02-28,-0.0018641314177666054,-0.0023070012804483,-0.005629776625606553,-0.003410175682713308,-0.005552044538570638
2019-03-01,0.0062244735945249825,0.0069052814897530715,-0.017163968380321165,-0.009286077538436858,0.012199051195661321
2019-03-04,-0.0036440486367902993,0.00017172021083691934,-0.0026289836177433583,0.0078068704165065094,0.0038675515976599835
2019-03-05,-0.0013613294550208939,0.0007449095560567281,0.0013153870929190252,0.0020883034267687576,-0.0014954599861119143
2019-03-06,-0.006075274562225953,-0.005687635478240791,-0.0009041270457165541,0.0036646094568552503,-0.011412706516939274
2019-03-07,-0.008400483516077637,-0.012348417472374732,-0.0008226265106168819,0.00646400735196761,0.011038508332211278
2019-03-08,-0.002001870669917097,-0.0015179861758342623,0.010886084259377201,0.0042040765514918645,-0.01445005636402355
2019-03-11,0.01439723649557309,0.020584530117388262,-0.004896357818091546,-0.0029657982693682967,0.009698451002522143
2019-03-12,0.0037635172612557194,0.005479574720053868,0.006035459879402026,0.006988042163733674,0.0027537119346813937
2019-03-13,0.006597493264437468,0.007484898291029499,0.006968612448215201,-0.0018857917839286975,0.008835846883178868
2019-03-14,-0.0006401885414941433,-0.001695896307655085,-0.011614284265949192,-0.0072493294696212365,-0.0033506072302487097
2019-03-15,0.004928679881757137,0.009237917699821602,0.00456433710702197,0.006592212152717105,-0.0036119779739665833
2019-03-18,0.0036191471570748354,0.002378362276882652,0.0005690800870331783,-0.0005749330298356568,0.011536430813596055
2019-03-19,0.00024790735825420577,0.0033571537106135835,0.0027594883221057557,-0.0022217259896294595,-0.0025933791840022633
2019-03-20,-0.0030144177797684344,0.003957094885566904,0.006463126873942885,0.01040630068009159,0.0055492428848365905
2019-03-21,0.0112312149058469,0.015511296775993664,-0.004034541087699915,0.002198442952359169,0.005762929112557744
2019-03-22,-0.01943361887210833,-0.022209011439459213,0.0023420233902432335,0.015415437866051587,-0.01614601644377014
2019-03-25,-0.0007524226410033993,-0.0019057895718584505,0.007633907060241407,0.0016005502454440655,-0.006982815051185031
2019-03-26,0.007426322477821449,0.004646409349757126,-0.0049754946888428755,-0.0007202717700225768,0.012928725851457289
2019-03-27,-0.0052428304799218735,-0.006443744614215665,-0.005243016760484571,0.009160156475701838,-0.007687328718623147
2019-03-28,0.0037833150515470884,0.0023019467791181615,-0.014253957303041619,0.003483051838712305,0.00496664128351566
2019-03-29,0.006285753504689218,0.007542504422562892,0.0009019770912032663,-0.0009491635053615646,0.000742620935334977
2019-04-01,0.011789230910463676,0.013160398368502154,-0.003941890257643701,-0.014305206888149506,0.011444219552407429
2019-04-02,0.0004899218634621872,0.0037831959955978147,0.003695988550420936,0.001847201242314,-0.0042914550749746355
2019-04-03,0.0015722103719718833,0.005729775275219826,-0.0014767440573913667,-0.008705102145396482,-0.0059158508673313745
2019-04-04,0.002650114623124828,-0.00038104057527347694,0.0025419025120261784,0.002829158015486498,0.014114971937687638
2019-04-05,0.004828686440664402,0.005158056294968533,-0.001065158454634802,0.0012911626569074332,0.0053483012728611605
2019-04-08,0.0007616900191202472,0.0025416412224677732,0.004335552354601057,-0.003554123745305971,0.006163615855266416
2019-04-09,-0.00513786638986284,-0.003516907278846435,0.005210460213684454,0.0031511433007943893,-0.012975511101149981
2019-04-10,0.0034053987704760875,0.005351800981338697,0.0030808947099307334,0.0024164392300766438,-0.004526220778934843
2019-04-11,-0.000277841243678835,-0.0023750524767927753,-0.012872932029622242,-0.005891117169093443,0.004770441882170048
2019-04-12,0.006743315837957038,0.004314324394060367,-0.0009844542413608548,-0.0071485354655467185,-0.012648530680914835
2019-04-15,-0.0006554806636060781,0.00016154365035532598,-0.0018896884121835308,0.0025242394835214756,-0.003341766322837399
2019-04-16,0.0006554806636060898,0.0034376389096672645,-0.009004202217837268,-0.006280658786686185,0.006795959455457222
2019-04-17,-0.002450003683721424,0.0034787107603490783,-0.0019104067944000637,0.0004089704728198537,0.0028287644818582145
2019-04-18,0.0019671582112322527,0.0012819193693234144,0.0007480072379889946,0.0052209955592116605,-0.0036909827607568436
2019-04-22,0.0008615591029235212,0.0028240608600400086,0.0,-0.00481219227486657,0.021582502061469153
2019-04-23,0.008951624097344776,0.012638202309122586,-0.0020790892290242957,0.0021235037710160766,0.005773156768567269
2019-04-24,-0.0022218333139217856,-0.003157704530103295,0.002909503431152912,0.008125725407292362,-0.01962025537071506
2019-04-25,-0.0006161793541895373,0.004050599996536104,0.0008297251865102907,-0.001457847406424436,0.005610381222461313
2019-04-26,0.004646034437473833,0.0008919315696730111,0.006613259149985578,0.0033979365463997296,-0.021265662458359338
2019-04-29,0.001566585330472278,0.0019390772227570912,-0.004459139554905491,-0.0064012456179878665,-0.006481346873615319
2019-04-30,0.0005102526103721063,-0.007778129977725898,0.003057434262503009,0.005108245679552954,0.003869131113139062
2019-05-01,-0.007544841918185658,-0.003223745290392838,-0.0066225029075604345,0.004116759503169606,-0.020259070091149353
2019-05-02,-0.002161050481731418,-0.004349551797493886,-0.003827907452540267,-0.004773182211248812,-0.0176970091040405
2019-05-03,0.00974008480590249,0.01582214975969821,0.005902166622599615,0.0028340680025422406,0.002326286653351667
2019-05-06,-0.004123869928217792,-0.006140693663394374,0.0013252386046357174,0.0027461031431419676,-0.004398649899942913
2019-05-07,-0.016840708871731502,-0.019672100388641995,0.0033055276063594123,0.007631634655095775,-0.005329841043719717
2019-05-08,-0.0013897100790864433,-0.0025269026289570016,-0.002478073455137969,-0.004331311151954789,0.0015629767250162493
2019-05-09,-0.00303057511691919,-0.005397179423344112,0.002395550981643927,0.004091493146695257,-0.0009116463967471977
2019-05-10,0.005010501548947964,0.0012436667489381834,0.0018959191232165698,-0.001362223931677356,0.008658442616322528
2019-05-13,-0.02545117225033363,-0.03531925623903291,0.010159840539079522,0.007825236702892193,-0.011164682769882856
2019-05-14,0.009002584737295602,0.010915955711626808,-0.0017133695443152437,-0.0029475449491404644,0.0013199112169792013
2019-05-15,0.005840728798755953,0.014025618352301166,-0.0005717761663673002,0.006124001498242711,0.007359753513711835
2019-05-16,0.009218733083669167,0.009999413621140667,-0.007216080906090217,-0.0033356120841282334,-0.00013070550180823413
2019-05-17,-0.006486478755687143,-0.01027294500050695,-0.007102776783024275,0.0022246028014403993,-0.005910738762952866
2019-05-20,-0.006633603962907122,-0.01702554992521013,-8.290551782707826e-05,-0.0020654472664144467,-0.00013170447328116807
2019-05-21,0.008974994527585422,0.010393332687264663,-0.0023236423674714048,-0.0015918697050985766,0.004600808320868075
2019-05-22,-0.0030761033628961217,-0.0044648707436518355,-0.0009975291545631813,0.005719254186990616,-0.009090498094484933
2019-05-23,-0.012293979108660688,-0.015420685562969284,0.007704775453647589,0.011184592002615816,-0.02370378654780872
2019-05-24,0.0022660088967438887,-0.0005047815378449856,0.0010723379767872785,0.0008615034801670855,0.0041919154886307835
2019-05-28,-0.009344056564189653,-0.003767805942429414,-0.0038822269155751525,0.007173934823206709,-0.020312338734263476
2019-05-29,-0.006733638574023133,-0.008259807554552556,0.0003309964016131658,0.0030254410016437596,-0.0062168817485448395
2019-05-30,0.002727686706837452,0.004195151016254054,0.006761236816409685,0.008562087696432078,-0.002636670944059005
2019-05-31,-0.013566796611700826,-0.016081651962644366,0.013386857013473643,0.01244123673365127,-0.01681424912842563
2019-06-03,-0.0025462711547433073,-0.022263648895259242,0.014329650783140814,0.006666600065488798,0.015563026232258807
2019-06-04,0.0214743072596322,0.027767239004923398,0.00031967486235552026,-0.011467052874273045,0.02351093668893966
2019-06-05,0.008624841029990381,0.007405240637379621,0.002553665830468566,-0.005667725533862726,-0.0083238869387749
2019-06-06,0.00648168530019279,0.007913481819494151,0.0032623544765036684,0.003221132285702384,0.01806035262610615
2019-06-07,0.009957377002210523,0.019127770480105253,0.005624438342681366,0.008614698460403962,0.003627030257618875
2019-06-10,0.004578486674365684,0.011587316111420448,-0.010003215486538885,-0.009457315685695925,0.004414966269521546
2019-06-11,-0.00024250536013954135,0.0013644363525255319,-0.0011975692988471266,0.0006129419207140919,-0.0009346834810030395
2019-06-12,-0.0017667850158328824,-0.00579653309479002,0.005179100221238763,0.0007654513377964011,-0.01088257769933817
2019-06-13,0.004117770406763906,0.005905426720871748,0.0061006935016299476,0.003437406452356658,0.008742331361124149
2019-06-14,-0.0011053467855323311,-0.0042615146239783856,-0.0003160129284807664,0.0025137489749550716,-0.0044288746154258676
2019-06-17,0.00038012645825576477,0.0060046328565727105,-0.0006322652864021801,0.001747729438268408,0.009903929529021816
2019-06-18,0.010416650174772784,0.014426764925922767,0.005047324392238259,0.004999255765189273,0.00861896425366065
2019-06-19,0.0022546163204992162,0.003748127539684717,0.006038970838080658,0.001434861211945737,-0.005561006666864386
2019-06-20,0.009508476112032356,0.009256563433658499,0.024866155493817887,0.0026366731256368845,0.016982104005001993
2019-06-21,-0.0014544060144432366,-0.0014838923841833049,0.00661369341666817,-0.011046709610175892,0.013998843262333653
2019-06-24,-0.001224788220887408,3.2061277478852595e-05,0.014741593126273352,0.00742840327817872,-0.009570484253349231
2019-06-25,-0.009856174740785293,-0.017315518380209595,0.0019392450876947497,0.003092222213867771,-0.008876415641964827
2019-06-26,-0.0009984752711931807,0.004639698961198611,-0.009207653748305768,-0.006420650554807709,0.004317487319501024
2019-06-27,0.003539649077217365,0.0038142087765028667,-0.0009781791081800058,0.007022534866214077,-0.010235085059062234
2019-06-28,0.005132504489606375,0.0012859345566821048,0.0027063662544696662,-0.0006778010297395872,0.01062660525992346
2019-07-01,0.009037822630670673,0.013404457960881973,-0.019559428102497136,-0.002341502357986934,-0.0009136945439072194
2019-07-02,0.002600826240345675,0.003954942920393663,0.02113481354805423,0.007684038669628988,-0.011032716908685793
2019-07-03,0.00796305669392786,0.007497835241255119,0.0016477026920105947,0.0071034468921624,0.009463939633963457
2019-07-05,-0.0011378300593435238,-0.002039348220457358,-0.011212861349998495,-0.013351331857474372,-0.004063741504155385
2019-07-08,-0.0055106062149045685,-0.0070383695511534155,-0.006453396174434407,0.001358211776835836,0.00458687232459524
2019-07-09,0.001245795091123859,0.004995187824611195,0.0034976216131429347,-0.00037694640483245035,-0.0006541959825418231
2019-07-10,0.004767164308553151,0.009915972119149378,0.015664164068756106,-0.005522340113687552,0.014031787848712125
2019-07-11,0.0023408709556300986,-0.0007275081406852503,-0.008479433149487648,-0.013440785961205895,0.0007739018161461906
2019-07-12,0.004467410032896274,0.005752087682320977,0.006235244213343071,0.001152763013383071,0.0007733033552451943
2019-07-15,0.00033215378767066574,0.0031987640501861835,0.0,0.005743320307648909,-0.007110294471413842
2019-07-16,-0.003230108042133204,-0.005164065984221763,-0.008498565150237166,-0.0029823722143448497,-0.015031823631000757
2019-07-17,-0.00682822082373866,-0.004930302413037459,0.01633123396202252,0.01074020246562536,-0.0059443122615338365
2019-07-18,0.0036541547078114537,0.0011435166647520648,0.01401922107283276,7.53845815254167e-05,-0.008514846729985353
2019-07-19,-0.005570528799757353,-0.007354670835110014,-0.01483691752503857,-0.002351127164542727,0.0020019541347673087
2019-07-22,0.0024532998356232446,0.007926435217609964,-0.0001487748968767623,0.0018968828380789024,0.0010660630791823052
2019-07-23,0.0071247259957765196,0.0065229890839368886,-0.005668654760058427,-0.005472028197560211,0.003988652097081796
2019-07-24,0.004688507638377272,0.006993470493988674,0.005073447292028362,0.0043343018108340774,-0.0001327870454020678
2019-07-25,-0.00478866294678541,-0.009525295011586577,-0.007095118991376651,-0.004791963100914169,-0.005722256851574064
2019-07-26,0.006677916749595021,0.010242221840545582,0.00164757936404381,0.0023609740900591594,-0.0016028614446413547
2019-07-29,-0.0018227640795119135,-0.003436344346624737,0.006637600502192369,0.0003040541155425677,0.007059491296503339
2019-07-30,-0.0024575614000793417,-0.004325717512831498,0.0033393742390960437,0.00243039341587044,0.00013289178269370065
2019-07-31,-0.011000848757465468,-0.013926384749249796,-0.013199706898717264,0.00800817267226137,-0.013225818015823987
2019-08-01,-0.008746008961867217,-0.004983825046254414,0.0237382025873749,0.019666109637979032,-0.02588356028592968
2019-08-02,-0.007558144940786855,-0.014834776042697244,-0.003819352910475418,0.009198893527016395,-0.009846736616463304
2019-08-05,-0.03053448802658609,-0.035974170401541876,0.013885007839557597,0.017140367333493722,-0.020700558043584037
2019-08-06,0.013925451749429484,0.013901595050401635,0.008095529492025941,0.007961161374591937,0.009628882493650315
2019-08-07,0.0005906774229531439,0.005387662081953364,0.01507548681526026,0.00035773333816206573,-0.006503249650401413
2019-08-08,0.019429829848609723,0.021530334814616015,0.005022054446004403,0.002139707343561875,0.026317178153208595
2019-08-09,-0.006834735877460204,-0.009446228075678914,-0.003321683939870917,-0.00199714531619965,-0.021506319979238846
2019-08-12,-0.012248434548704357,-0.011541476787537676,0.009651773675578623,0.0206353527008083,-0.004871144314880048
2019-08-13,0.015432338736229251,0.021678309152489594,-0.005977346952418699,-0.0034329459143914755,0.012275508026474008
2019-08-14,-0.030013283115454727,-0.03034070323799507,0.00681829671908825,0.02227910925434674,-0.04112343238186008
2019-08-15,0.0026378842892574657,-0.0011494979826699471,0.006632923311853109,0.011058031743586348,-0.00593034005524375
2019-08-16,0.014647427355296854,0.015923329234639582,-0.00642279632319684,-0.008042635163621109,0.015492748826391595
2019-08-19,0.011975668656724479,0.015779087758559476,-0.011765243129746363,-0.014405448179203969,0.016696987921284285
2019-08-20,-0.007691799207265175,-0.007778607809643687,0.007765153200510364,0.010291250316698286,-0.006065534183509198
2019-08-21,0.008102405478039561,0.00883934919367944,-0.0031694374885161206,-0.006687236274494431,0.00994629930556578
2019-08-22,-0.00030782328551103103,-0.00323893752783606,-0.002542737809443374,-0.006663360737898458,-0.0021541623397541864
2019-08-23,-0.02602293649768752,-0.03215750392956551,0.0194004358255685,0.016300884015013756,-0.03035405477964723
2019-08-26,0.010997210419847693,0.014991246103206578,0.00013874512727632068,-0.004050038950443872,0.005320050814837501
2019-08-27,-0.003931085219264708,-0.0021122997215974955,0.009525229640210546,0.015290847751495777,-0.009775085439248307
2019-08-28,0.007017247203521618,0.0035722898681509454,-0.002820513317677276,0.0012864387009617125,0.007266300041432692
2019-08-29,0.012691789616877324,0.01517406290719914,-0.007190355573252848,-0.003796016149423768,0.011020665758328137
2019-08-30,-0.0004444022377832283,-0.0023974564248090973,-0.0025705723222454796,0.0002715268978909214,0.0007303602361347608
2019-09-03,-0.0058643260651353125,-0.009755742931834113,0.013817145553141903,0.00129218064907828,0.0011674981467953718
2019-09-04,0.011286473255472317,0.0143325537927366,0.006224182405113975,0.0014932038185605867,0.010591723817993717
2019-09-05,0.012773267170176943,0.01815347410453603,-0.02429383958928248,-0.01827660622860721,0.014044092485417865
2019-09-06,0.00077189454698406,-0.0009911345921894423,-0.008559662387184017,0.007089947005889402,0.009348483903056889
2019-09-09,0.0005032710170709662,-0.0020905298959278426,-0.0037414803722944866,-0.017925126567347054,0.00786416825415862
2019-09-10,-0.00023488119619888205,-0.0028804330065468034,-0.008594766463448816,-0.017683208200538838,0.008080233669959195
2019-09-11,0.007085815305113818,0.009345354860838343,0.0060453662250154515,-0.0017784628932333178,-0.0019446944506867844
2019-09-12,0.0034580937670820066,0.004148603824470019,0.0020542492696135994,-0.006572512999843287,0.0006951218569816017
2019-09-13,-0.0006643490258183215,-0.0035770345187848955,-0.008313640257218174,-0.02159022657386038,0.00912747753957869
2019-09-16,-0.0030933449444317082,-0.004476760458721549,0.008313640257218249,0.01266290007873442,0.014893948102094857
2019-09-17,0.0025288626549666462,0.0047884555099183945,0.001979350045407386,0.005409234087201716,-0.007624545615295339
2019-09-18,0.0005977102251366275,-0.0004153669632536029,-0.006305141849164153,0.004234924422203137,-0.004794339671953374
2019-09-19,-6.623245123112355e-05,0.0016605987571055266,0.004042645700960864,0.003003718829610707,-0.006751885350066697
2019-09-20,-0.00473608523488383,-0.010635018922707507,0.011751169204553406,0.01312370270749876,-0.0034623612545145784
2019-09-23,-0.0002346412374463384,0.0004407911810047743,0.005580782257567522,-0.0002117933261349429,0.0006932456011355993
2019-09-24,-0.007877798277430563,-0.013369753988966181,0.00527299162043293,0.011982286897687818,-0.013820135128152172
2019-09-25,0.005897061220300914,0.011162849702103824,-0.018719501081169466,-0.0147347934174974,0.00294766490227697
2019-09-26,-0.0020851435191884724,-0.0036893950803978466,-0.0002821278180384957,0.00641179938033681,-0.005340142565897039
2019-09-27,-0.005401876771219212,-0.012486855116385101,-0.005161727926224835,0.002454868464305328,0.007160401637868647
2019-09-30,0.004627073290527007,0.009472404415444719,-0.015647105922203676,0.002449314804874916,-0.012246048951706409
2019-10-01,-0.011966095794859136,-0.008189806416704946,0.005457893373498284,0.0030063992359501187,-0.023789899730580887
2019-10-02,-0.01782251363440556,-0.017343877809676615,0.011606023170116823,0.002440038884168258,-0.026452583624987883
2019-10-03,0.008159571232635873,0.010915312749434407,0.004520416059329575,0.009080493310545081,0.012284478035677296
2019-10-04,0.013441548077704696,0.014618371476947053,0.0,0.007355970141903932,0.014458005307554901
2019-10-07,-0.004324083761741112,-0.0030234807088565215,-0.00856363541098911,-0.00832260586900891,-0.01386994438665703
2019-10-08,-0.01564647951702232,-0.015094048669551618,0.00870459991703739,0.0026899905498955308,-0.01959677442349644
2019-10-09,0.009451402633559976,0.0097139435729038,0.0009156241246349503,-0.005664521474378558,0.011033519396245882
2019-10-10,0.006740554969268456,0.0077148951795841,-0.008767683192965708,-0.015006377586505618,0.011939103759588222
2019-10-11,0.01031385250092733,0.012796506801089624,-0.005554769940672898,-0.012454155756152304,0.010639051476775565
2019-10-14,-0.0011147233874516263,-0.00010473624803935968,0.003991150393420187,0.007236459398256556,0.0028953851741780846
2019-10-15,0.009851970997213176,0.01263654851363659,-0.0069950016712766044,-0.012161521686956394,0.0034627771509530792
2019-10-16,-0.0016074199824451288,-0.0024835934719108985,0.005713914835703777,0.0012154764933793717,-0.017290323761641604
2019-10-17,0.0029446284604702703,0.0026386390972077942,0.0014233647353723328,-0.0024324991148208263,-0.0013200969725193233
2019-10-18,-0.004386721562731956,-0.009656754745067948,-0.001067306413452129,0.0,-0.007808577259594914
2019-10-21,0.006756272646143833,0.00882978585812846,-0.004781550075213642,-0.0075509886476452575,0.016575556908557484
2019-10-22,-0.003272001583271255,-0.00799515454299517,0.0029287043785159624,0.00582930768124327,0.0050787068480162255
2019-10-23,0.00290542131536289,0.0019264499999796338,0.002351027592914482,0.001004690842150849,0.009507392228718246
2019-10-24,0.0016327606754801527,0.009681655244244795,0.007090719694468963,-0.0020091166396522526,-0.009507392228718277
2019-10-25,0.004086395889909417,0.007954319172365694,0.0023289599557340403,-0.0048973304203536695,0.002313204091992454
2019-10-28,0.005620966432397659,0.009816530985471899,-0.008637230479381003,-0.009138159434010733,-0.008847784770977998
2019-10-29,-0.00029688774000705066,-0.007774127296735257,-0.002776885194246242,0.0006561971630792473,-0.0029180463013619424
2019-10-30,0.0030623809765639707,0.004834499193880517,0.005475210184932403,0.014528160092484138,-0.010575870298103446
2019-10-31,-0.0026666611576689216,0.00045671321030808,0.009948844935468628,0.013399653589782703,-0.002217165072683468
2019-11-01,0.009221155889533728,0.00904137012155945,0.0009123470738276627,-0.003082909897936491,0.029600338753309068
2019-11-04,0.004009641308709676,0.006166090981998548,-0.0028801514371747305,-0.013249021912205667,0.029307610003983235
2019-11-05,-0.001106479324621178,0.0005496713419721389,-0.016312331868591004,-0.011310384765953974,0.019619100081644518
2019-11-06,0.0002276823383236209,-0.002250358577497682,0.004281068530555171,0.00603361267462587,-0.022133710707494043
2019-11-07,0.0035105637201490727,0.0033483994023985842,-0.015643205521891117,-0.01828496957928398,0.021038611728119827
2019-11-08,0.002463477481990365,0.003983316805098346,-0.0063847338065501705,-0.004215916721587904,-0.01917348032049833
2019-11-11,-0.0019119854025733073,-0.0013425568051199396,-0.0024048241483873045,0.00066694476359163,-0.006094700848301403
2019-11-12,0.002106140612687056,0.002881954877717358,0.002695874927586959,0.004582124773616985,-0.013885826445122
2019-11-13,0.000323435706474382,0.0002480885647916044,0.003994072881030811,0.006467491211912343,-0.008250446299343862
2019-11-14,0.0014545479258971311,-0.0007939739750536318,0.004194711040663475,0.010276548879396094,-0.004370480160016991
2019-11-15,0.007210311141617641,0.007320473171873221,-0.0025291110010524226,-0.0010877623823701615,0.010022825967027145
2019-11-18,0.0007374921557065789,0.0007883416624174116,0.002962025072169786,0.0018128662962250107,-0.009730547536041322
2019-11-19,-0.00028858945955824916,0.001476409033622119,0.0005049030061831341,0.008298307336717428,-0.010268716438941077
2019-11-20,-0.0037254833175789422,-0.0060172162719556955,0.0005045382424530197,0.0102946892023013,0.0030915217433150743
2019-11-21,-0.0016101732689290371,-0.0022281875615382035,-0.005492097356825017,-0.006278766641661059,0.023821041551861398
2019-11-22,0.0022209077001017416,0.0006439341630380586,-0.0018857951599790925,0.001287702844321887,-0.004315198827860152
2019-11-25,0.007720498062850939,0.011771974237757539,-0.004803179633254922,0.002926386375925929,-0.006653195041514459
2019-11-26,0.002263236831409017,0.001908080903540375,0.004803179633255016,0.005826941784512587,-0.0024701029207849032
2019-11-27,0.0044473927093347625,0.006964669463261346,-0.005314014225370608,-0.0029093593197130766,-0.0005823246573139162
2019-11-29,-0.0037153828148606765,-0.004572788153582075,0.006184806112979683,-0.002134059922866083,-0.008331098034347374
2019-12-02,-0.008531174321923154,-0.0102916694782695,-0.0005079436043828876,-0.013422414378382385,0.004247318633325865
2019-12-03,-0.006729035418170692,-0.007863391125299138,0.009534253178573626,0.020750814447770938,-0.007923952843435438
2019-12-04,0.006151177032034846,0.0050516316719981715,-0.0013667767637935283,-0.010035916550447133,0.0112800561199212
2019-12-05,0.001796626265289221,0.0019742773460624118,0.0005757184354598549,-0.004875506407095123,-0.003502146763806913
2019-12-06,0.009092755985288845,0.01064156236363936,-0.009977704836757457,-0.005550326090367271,0.015951272594252115
2019-12-09,-0.00314939553594162,-0.004546765720581984,-0.0002906488870483782,0.0021658684659888886,0.002155875380255607
2019-12-10,-0.0011157101180081588,-0.0008335563589487613,0.002830699660654389,7.206340051104908e-05,-0.00865064178254101
2019-12-11,0.0028346166015750926,0.005282682705058149,0.006861935627691577,0.00783067073247117,-0.001448805584892125
2019-12-12,0.00858221178124425,0.007436324035509515,-0.0035334849047766476,-0.01659524220679411,0.01981357134600316
2019-12-13,0.0005988080653386131,0.003287586837280867,0.004468872836715887,0.01150155077629551,-0.01590594665572731
2019-12-16,0.006846637970798523,0.009989176098277694,-7.198939739749056e-05,-0.009030869684659465,0.011060862580023714
2019-12-17,0.00021921809982745715,0.0005735382747759951,-0.00021577975709612248,-0.0013798326122010113,-0.0045818478418813416
2019-12-18,6.232413436744081e-05,0.000763423043228543,7.200493236905694e-05,-0.008246340383269284,0.002723158697158702
2019-12-19,0.004090884161947115,0.006232125180776051,0.0025862126377012157,0.0015993996900622942,-0.006893881600229139
2019-12-20,0.004374582174603911,0.004022885953104085,0.0010039397404910592,0.0013176599495734022,0.007894907517907281
2019-12-23,0.0015263228410342718,0.002637789653976226,0.003077203372165587,-0.0014644842442501785,0.004991897884074551
2019-12-24,3.1267711858433674e-05,0.0005193641698915765,0.009387789011397068,0.002853791117079833,-0.0038487291591463952
2019-12-26,0.005309333679427121,0.00878550009691626,0.00782659080315549,0.0024086569616659282,0.0015700995222201772
2019-12-27,-0.0002480146142259743,-0.0008423011279310105,-0.0003512560225688557,0.0010929537350216339,-0.0034283306720529596
2019-12-30,-0.0055286647903295474,-0.0065756787171317495,0.0021055808220621446,-0.003647698287805309,-0.0058836583330488185
2019-12-31,0.0024266095660415926,0.0018832562405582136,0.001891143454574884,-0.00984215943466286,0.004308455318400113
2020-01-02,0.009308775429275072,0.016559381640610927,0.007320953634035891,0.011229809223087004,0.015923147842114287
2020-01-03,-0.007601392059042451,-0.009202151838169156,0.013181265882528811,0.015282623985595954,-0.008072046670695578
2020-01-06,0.0038076083133850402,0.006422305109753562,0.010434868967011986,-0.0056943989742148675,0.007648894718531273
2020-01-07,-0.0028154690074362384,-0.00013891225257449212,0.003927428056507489,-0.004928199055488155,-0.008217832566322018
2020-01-08,0.005315369057057504,0.007487945162361999,-0.007529802584635164,-0.006632783557673265,-0.01519509723705385
2020-01-09,0.006757505137935725,0.00843765780453233,-0.0056676844863565315,0.0035041675122544354,0.007626299876172032
2020-01-10,-0.002881482392904115,-0.0025601926351204772,0.006008107616788398,0.008851537177970202,-0.008927391833866665
2020-01-13,0.006853862863481472,0.01147074703834392,-0.007447144703816297,-0.0030379811067415387,0.009500650955690727
2020-01-14,-0.0015260582958693072,-0.0039449977599440005,-0.0008919411826434922,0.005130433620536898,-0.008633142068436395
2020-01-15,0.00225735632116708,0.0004084979878350439,0.005817289492435278,0.0066099887900465506,-0.0015908480924725298
2020-01-16,0.008283898575808161,0.009537964343483694,-0.0015707412123407796,-0.0031560661294823436,-0.00391555894359001
2020-01-17,0.003107627607257099,0.004936588833733147,0.0018437252860089575,-0.008584356281101166,-0.003785354600922003
2020-01-21,-0.001960184147498024,-0.0004479171166342257,0.0010909837309721073,0.010450486941330413,-0.014396907281379505
2020-01-22,0.00012105796185117945,0.0026388313941008972,0.0003405975107135845,0.003507107121353167,-0.005787775716101154
2020-01-23,0.00114609061024955,0.00321112889495406,0.002245598875511729,0.00697832073059731,-0.006270445948889387
2020-01-24,-0.008932865664175846,-0.008450790055211675,0.0058285535187767275,0.008055652235644086,-0.0067624201640026456
2020-01-27,-0.016159318207359084,-0.02087216914426811,0.006802125843070944,0.01543483201595021,-0.024112428391105795
2020-01-28,0.010424632174494484,0.015243369840190271,-0.00896686803661793,-0.00786209201976769,-0.0013907594212487556
2020-01-29,-0.0008263544087788481,0.0016243269217312171,0.005403248480831511,0.009731849283357734,-0.008388050808831217
2020-01-30,0.003240231032493333,0.003555187288736697,6.731894098032181e-05,0.00013775185395127935,0.010550890965970594
2020-01-31,-0.018324674318953335,-0.015985048082976832,0.005775708477189364,0.00908860287029795,-0.04208303995843145
2020-02-03,0.007400913376729992,0.014996209129351339,-0.006516877595597702,-0.0008105114219703699,-0.022630309841490764
2020-02-04,0.015126367776810161,0.022630602104742402,-0.013094308186782415,-0.0135583056476583,-0.012593330609617816
2020-02-05,0.01148188227060744,0.003291733828134185,0.0012285555646719122,-0.010994954727749784,0.04499522113074122
2020-02-06,0.003359138935047279,0.008595098945407638,0.005373934234125879,0.004496231407919215,-0.013642583340896847
2020-02-07,-0.0053437897591674735,-0.004309995308795526,0.002642363450658169,0.01240122103553163,-0.006647965225878496
2020-02-10,0.007437523425076796,0.012012900033066725,0.0025679490647931946,0.0027654368592650615,-0.010617187909149107
2020-02-11,0.0017315159744727775,0.00017265634007840222,-0.0034478924308700464,-0.005052817602991399,0.009461428996168019
2020-02-12,0.006422062703326046,0.009693680588200117,-0.000813078481224605,-0.005078866726046699,0.012151385887744925
2020-02-13,-0.0010677155482688749,-0.0012813475195626225,0.005677303718111386,0.0038287377379632825,-0.005564768679787709
2020-02-14,0.0016009973648282016,0.002859413771832237,0.0041697222765956264,0.0043681816727528,-0.004606097688574311
2020-02-18,-0.0025803662515891846,0.0003836948837315925,0.012737350951843347,0.006825135991014343,-0.012776974059776134
2020-02-19,0.004769731112459926,0.00953975152681052,0.005814285510176441,-6.843330684237081e-05,0.0076526921868244144
2020-02-20,-0.0041168113208192095,-0.009326928851858022,0.0040763395182913265,0.007802840952167961,-0.007986874465126862
2020-02-21,-0.010351331530806175,-0.01939628611157002,0.014913455926308593,0.009296486138038506,-0.012270077012668051
2020-02-24,-0.03372800711787109,-0.0393267466673946,0.008945002656717951,0.014818837540260043,-0.04797877629545371
2020-02-25,-0.030770918811229123,-0.027568476096576245,-0.01803593472393269,0.005310790857267753,-0.0390783823378795
2020-02-26,-0.0036849129298611176,0.005140776754528853,0.004360980385151266,-0.005310790857267737,-0.022200614602552113
2020-02-27,-0.04595132347932624,-0.05137098751223362,0.00019481624361363943,0.010789902031275606,-0.06206414696880273
2020-02-28,-0.004210070531008292,0.0007777380251774645,-0.03717601874476565,0.022332462263421348,0.031999720931113286
2020-03-02,0.04239482036109019,0.050316147213454634,0.005511083646655957,-0.007383899851366894,0.04634294281554641
2020-03-03,-0.02905037263334771,-0.03259265784643153,0.030950390194086085,0.015405546904308018,-0.049068507431369854
2020-03-04,0.04117358761409246,0.0408753380168613,0.001752990351755443,-0.010675017334415027,0.02159757598101411
2020-03-05,-0.0338069756323551,-0.03085307333493661,0.021370951204574475,0.02458695966056814,-0.045067444299258415
2020-03-06,-0.01666901610774255,-0.017016464641989217,0.0003808885074389379,0.05073470322280111,-0.049499064334000586
2020-03-09,-0.08131251138195422,-0.07199481358158157,0.0016488747161249012,0.026741857341406123,-0.13039081035665598
2020-03-10,0.05045047240253953,0.05301987116130777,-0.02132715182628954,-0.052617525013504314,0.03635885345330541
2020-03-11,-0.04997682628934768,-0.04453209519871796,-0.0035667044227174947,-0.037492522097004356,-0.0334964451296426
2020-03-12,-0.10056886685044927,-0.096171065276315,-0.04070560424243849,0.006177940973799461,-0.121422351264186
2020-03-13,0.08202790036205208,0.08130851399151513,-0.03099155256530076,-0.022861943657959235,0.024968221172245442
2020-03-16,-0.11588620710491813,-0.12759227429741013,-0.011512126298224866,0.06275456531484268,-0.10006965361832164
2020-03-17,0.05258470262317617,0.0731032978823931,0.01346442633870517,-0.06901057404497334,0.06509999329378634
2020-03-18,-0.05195982810451867,-0.03088816398143348,-0.02012310684271081,-0.058066723819315116,-0.10563207641990412
2020-03-19,0.002122812790425107,0.005984205439124036,-0.019086492837834465,0.02686163299678663,0.038790938934771535
2020-03-20,-0.04405006310684782,-0.039963865070513666,0.014884383146683595,0.0725024592547739,-0.05033066033101102
2020-03-23,-0.02590077550936376,0.0007215143146241003,0.043231496146295734,0.040383224935681826,-0.04019865961448295
2020-03-24,0.08673094638883456,0.07458590366557452,0.047389520259250466,-0.0187898360419404,0.11944197318274011
2020-03-25,0.014859268250686489,-0.007432725856255587,-0.013784208180364264,-0.0022741433525340945,0.05088422779213248
2020-03-26,0.05674850962953238,0.05132073719869241,0.012740714714697083,0.004909631449577582,0.04021055434051569
2020-03-27,-0.030238055091084647,-0.034998307130611174,-0.006481449089244015,0.02634293310840369,-0.04937027729989135
2020-03-30,0.03195933520625808,0.03572748247223606,0.004390990264267052,-0.008263105946061253,0.014775343822841003
2020-03-31,-0.015017511633527412,-0.0085765284642289,-0.032364821693651916,-0.008150023514539988,0.012455371540651409
2020-04-01,-0.046049031854187315,-0.04341863802033947,0.009411793149400162,0.013913069779461572,-0.011655660186095894
2020-04-02,0.022813398267251553,0.02009201828155944,0.01626050111056189,0.006326451150179709,0.07368917786502574
2020-04-03,-0.014559905496606875,-0.014294653862361595,0.004925309776577716,0.0023761168709143,-0.02989784576120515
2020-04-06,0.06500680347166342,0.06905468701832755,0.02733353381543522,-0.0026147552698460455,0.031628796746910603
2020-04-07,0.001018892107132958,-0.0004070176992135466,-0.005368871400719198,-0.010527152478535324,0.018847984372445926
2020-04-08,0.03301752685620135,0.021009864397271306,-0.008947881947437637,-0.007302445866303145,0.06136602151838904
2020-04-09,0.015102359715118068,0.0014448514019388373,0.025788169295063085,0.0018150048139732263,-0.01655597459323967
2020-04-13,-0.009171813917303637,0.010745383728390746,0.01699510551392902,-0.00917116891084648,-0.008615846205450597
2020-04-14,0.02906628274352664,0.042571952449580744,0.007837301543346824,-0.00024444525395253113,-0.007747078571826225
2020-04-15,-0.021477317946264278,-0.011535907090570712,-0.005115017933585634,0.026144411299584124,-0.04704807221379838
2020-04-16,0.004813262618609279,0.018075522903522104,-0.0008653689753940822,0.011292808282344122,-0.03340728446267955
2020-04-17,0.02665645328610901,0.009520860891697052,-0.019608466717140425,-0.013495409025131957,0.0989027283457412
2020-04-20,-0.017774876509901897,-0.011915214473822676,0.007100853720992193,0.008012401141991926,-0.048350263484659615
2020-04-21,-0.030834078058887066,-0.03759752593181231,-0.006848673348053854,0.012512767825350867,-0.005357010827307229
2020-04-22,0.02195250128267991,0.02924259019743422,0.019479888950845802,-0.010268441444958186,0.02816428226122127
2020-04-23,-7.215208995835531e-05,-0.002135017200014246,0.009905643795524405,0.005294726137871059,0.03085079629806163
2020-04-24,0.013842838320396282,0.015647279687296376,-0.004294729942651925,0.0023441827145250145,0.006423608649303714
2020-04-27,0.014315207750122108,0.008011127215663806,-0.00666258998355511,-0.01879002621586868,0.004790485420142118
2020-04-28,-0.004609168312219063,-0.019014065847167468,-0.004466516323334757,0.011446066068879102,0.023170436268099854
2020-04-29,0.0258417250701038,0.0348466078845147,0.005518192454017435,-0.005202400091791856,0.05389162863539973
2020-04-30,-0.009354241359581005,-0.00041110783447577496,-0.018282683683788697,-0.011745752419876722,-0.021080218654322396
2020-05-01,-0.026829955889797776,-0.028589888171439523,0.0061522933833428935,0.00852709626464868,-0.07435633265679477
2020-05-04,0.0027541329965493698,0.011590065761348285,0.003498676361159418,-0.004714890554536732,0.03954167315786602
2020-05-05,0.009196795826401125,0.011273440522196091,0.004232069630406605,-0.006422318845847074,-0.0011148400837256646
2020-05-06,-0.006801801037782561,0.006137489722370769,-0.012938939248234135,-0.016266824792407597,-0.018914938617530953
2020-05-07,0.011994857730569597,0.01279436656533226,0.015234124108560072,0.016568065730401982,0.005666918528715677
2020-05-08,0.016410893519534557,0.01361166191219466,-0.006028427741239837,-0.013085723390014285,0.04291726307477495
2020-05-11,0.0002048467429190601,0.008899525311576001,-0.006253147010599243,-0.007836798859275218,-0.009573257240273992
2020-05-12,-0.020132792649878925,-0.021159725892354025,0.0038815245238018456,0.01021192384674276,-0.016856626141338187
2020-05-13,-0.0178440320138133,-0.012594661923772791,0.009576645345897673,0.006972109602114986,-0.05091133430658157
2020-05-14,0.01189636853121881,0.011288478387502214,0.008811127536123346,0.009739573195531603,0.008785457800034752
2020-05-15,0.004586320221512783,0.006470426964878137,0.005627947839551041,-0.002575753638899896,-0.007117496131364798
2020-05-18,0.030005080164531368,0.01846052850158185,-0.007592898231851983,-0.0221989217917721,0.0765199872604284
2020-05-19,-0.010324499210882979,-0.002509317945020236,0.009603940342589153,0.0037341357234241886,-0.03136466932488614
2020-05-20,0.01684528243487624,0.019771506601831648,0.0023714668825757603,0.0029891935877028775,0.032026033484409654
2020-05-21,-0.006927835652650577,-0.010950372331797974,-0.014683616168536867,0.0024951210543737922,-0.018014506487069603
2020-05-22,0.0018975236122126128,0.0034456941794461346,0.005899400714775776,0.005997783979319102,0.0008974812563813376
2020-05-26,0.01224507221233199,-0.0027031198109491333,-0.014316858429627,-0.013500657081013619,0.02894889527083434
2020-05-27,0.014769451521689044,0.005442635568651136,0.001800809585778032,-0.0018383688785971045,0.0071625305276153805
2020-05-28,-0.001846462943320195,-0.0013034840176072073,0.0033447448656947374,-0.0036875905692807143,-0.02629445287564467
2020-05-29,0.0044461181665521685,0.014546432489739223,0.007331471236597383,0.007116792191778758,0.009501880396412995
2020-06-01,0.004033161392482712,0.002994937891975143,0.004593203918142176,-0.006755634462286502,0.017657139911407622
2020-06-02,0.008245942367081356,0.006685638158779435,-0.006497892824854574,-0.0036421230883574495,0.022011929303540217
2020-06-03,0.013220710467984747,0.004488434311475912,-0.01862251139241922,-0.013386591128255746,0.039984714650519365
2020-06-04,-0.0026301105638216354,-0.0070381104100887765,0.010471254055873179,-0.014584916565123833,-0.002847706399747115
2020-06-05,0.02530671978793823,0.01963304838146684,-0.02048368991541374,-0.00714828841514814,0.07794147407521049
2020-06-08,0.012014649205782229,0.007730230231030187,0.010764002439043798,0.00383626923771749,0.03079422613005261
2020-06-09,-0.007484544631727922,0.007218564781877197,0.009595645355064148,0.011293977166432621,-0.02253924034244677
2020-06-10,-0.005595569661361462,0.011930365704253909,0.014223142854853236,0.014718452343550651,-0.055115779081293025
2020-06-11,-0.059377171623649354,-0.05081881607703994,-0.007240232329265166,0.018724329493102963,-0.09239265400189148
2020-06-12,0.01190434430944083,0.007916514521195536,0.0014153150353447643,-0.009687567060987768,0.021211123893438797
2020-06-15,0.009292259857069163,0.012093698765241098,-0.0017848491512042477,0.0005541584856501422,-0.0006361185418964175
2020-06-16,0.0190650193094977,0.01702712108304394,-0.0004929560183834836,-0.015452193077537061,0.02223728643883308
2020-06-17,-0.004162793377969385,0.003165533575029421,0.0019087937874243815,0.004119051296207942,-0.03311505319221323
2020-06-18,0.00038524742052122897,0.0027057039290781138,-0.0019703951105462295,0.010532111624917274,0.006199649712886714
2020-06-19,-0.005731433040220888,-0.00016389353044147294,0.010972576221366465,0.0008010301564118621,-0.020237261497122246
2020-06-22,0.006394804077838594,0.011921388137000053,0.006441427074830093,0.00012323094267259363,0.009523841284992639
2020-06-23,0.004592980372126554,0.008474901050874437,0.008384398864595731,-0.006858382343669357,0.00601363284137906
2020-06-24,-0.025839607114461455,-0.020830986428679213,-0.0034899960158010397,0.010668084514010936,-0.04825477415779201
2020-06-25,0.010663512987766946,0.009474394597507986,-0.0006028992986150158,0.0028792299009459447,0.01494381507386457
2020-06-26,-0.024038081643349706,-0.02389831908225313,0.0044532193863769335,0.010646400930900687,-0.034917383753159385
2020-06-29,0.01459064903232922,0.010847462985625419,0.0005403343600226875,-0.0031515849933175582,0.015920495036388285
2020-06-30,0.012727740482835315,0.019411892678448953,0.004431086497931087,-0.004868547029079662,0.008984637058149645
2020-07-01,0.006980566680313079,0.0116045581744847,-0.004491160110102202,-0.0019435808701844237,-0.022843907739639846
2020-07-02,0.005492120332002026,0.006764039447231896,0.0021582779375089872,0.0010395038881542598,0.008429528826264356
2020-07-06,0.015318994235109238,0.024286994097250304,0.005970880083946397,-0.004103505581859033,0.007007939229104871
2020-07-07,-0.010367367457923,-0.00691280915342184,0.0062904343270385864,0.01395758348170505,-0.02624836696097186
2020-07-08,0.007619817535002568,0.01308576133132065,0.006192353605402356,-0.004003117423491792,-0.002315284754887585
2020-07-09,-0.005709149443488749,0.008388118650334678,-0.002708063902871328,0.015796648789595163,-0.04213664399476391
2020-07-10,0.010158627816169339,0.0068043662179699885,-0.0025972650920347735,-0.005037000699707381,0.030713239435960344
2020-07-13,-0.008696626008225688,-0.0207851490503268,0.0012403879870823364,0.0033011127406664576,0.00023452495861296796
2020-07-14,0.012875591600428933,0.007053453961777493,0.004652728164010819,0.0014371276356315373,0.03251773513743588
2020-07-15,0.009145395472634507,0.002033393597957748,0.0008809438623464781,-0.004678153010136471,0.01262650041534549
2020-07-16,-0.003298987544579547,-0.006846014957711148,-0.009496639325154646,0.0047381770197581895,-0.007872832282290314
2020-07-17,0.002894985602800045,0.0011571553736972706,0.008204262794308569,-0.0020967952704320095,-0.017312656335620753
2020-07-20,0.008049087235769288,0.02797588533397766,0.004808590336846309,0.0024553195530400067,-0.023716483936474214
2020-07-21,0.0021251873635420356,-0.010475141315185763,0.011978962477666387,0.0005983940130543552,0.049350386678754576
2020-07-22,0.005675938195760667,0.0035163563170489136,0.015087942737564556,0.002983863169266618,-0.023567947144020333
2020-07-23,-0.012003223060905182,-0.0264671235052707,0.008786586410813348,0.01161378443375883,0.002061583178582377
2020-07-24,-0.006461445538699984,-0.009541081852475078,0.008542281441677423,-5.9206197004993104e-05,-0.006197885133401506
2020-07-27,0.007266083207737586,0.017685958559325726,0.019561196964697856,-0.003717992281125201,0.014629334559124659
2020-07-28,-0.0063626429612646815,-0.012806706221360951,0.008306536040413818,0.006894093922309371,-0.011870202290383729
2020-07-29,0.012224049298022307,0.011460004884376313,0.007482169283186,-0.0017044823134633117,0.01096192290698564
2020-07-30,-0.003574419784973851,0.005221842043848542,-0.007427778888433271,0.006567813736500128,-0.05030165431404992
2020-07-31,0.007871061091122152,0.01768794848085368,0.00904688435302792,-0.000643369623043268,0.005002937704731721
2020-08-03,0.006927976836768573,0.0134166900296155,0.0011318982444248418,-0.0050479951122924735,0.004032089912127394
2020-08-04,0.0038551896886800303,0.003705275023706602,0.021054515412853636,0.009487303158694185,0.028466279929341327
2020-08-05,0.006191897736083927,0.00247461702897403,0.009240417270834574,-0.008781107951429643,0.008703581788318773
2020-08-06,0.0066620056064716745,0.013158033558554907,0.013186741026147062,0.005570181600529082,-0.004800510172179948
2020-08-07,0.0007176592786010572,-0.011609354436896082,-0.016012829047696152,-0.006688102652766803,-0.00459335285470046
2020-08-10,0.0029846991044428493,-0.004282263389103412,-0.0034649534714480275,-0.004484005924276809,0.024333133997655562
2020-08-11,-0.00828917285412634,-0.01912273202610177,-0.0551897267189793,-0.011956166529725186,0.010282169802394416
2020-08-12,0.013846302493371826,0.024840354306013158,-0.004679132411383586,-0.009136879450579241,-0.00022709143812910029
2020-08-13,-0.0018093966145761413,0.0022780657416749833,0.023343474417206588,-0.010746892607559561,-0.024800482608513627
2020-08-14,2.9514469273930183e-05,-0.0011750492265230651,-0.004318527254207777,-0.003914465044955683,0.004407886338972927
2020-08-17,0.003171854935715485,0.011543963120372116,0.02146194877539166,0.0025088868112230485,-0.013047738325708543
2020-08-18,0.002158022088070567,0.009579057286365333,0.008967673573403242,0.0071271774493340614,-0.004937115127324126
2020-08-19,-0.0041726129890025145,-0.006749882585541209,-0.03207438281593019,-0.006271578265028565,-0.011138753183144959
2020-08-20,0.0031087314386920284,0.013776634213614953,0.006890137653281628,0.008998739464076966,-0.015370449430342669
2020-08-21,0.003541293354582556,0.006906021722226408,-0.008043165542872153,0.0059745450783438864,-0.007530590920107283
2020-08-24,0.01008202997240588,0.006224783825899443,-0.005674470685927035,-0.0016254102597452506,0.029078411799220705
2020-08-25,0.003492978411997839,0.007831420744647053,0.0012147382641175607,-0.007683430192536094,-0.032253227043656185
2020-08-26,0.009976035641569117,0.021114872325240217,0.011739667325137685,-0.0038330294419420385,-0.0215118509974464
2020-08-27,0.0021836371764250087,-0.00312187584148846,-0.011629286747359606,-0.01715579490962056,-0.006770918428675762
2020-08-28,0.00643889078403134,0.0050724016704949935,0.01723092629924,-0.0007445401071920917,0.023624145906498095
2020-08-31,-0.0036290348853671535,0.008001298941504392,0.00238341719432408,0.006618300218914932,-0.01860385582505242
2020-09-01,0.009374609226673753,0.0169470565262934,0.001189581722410416,0.01137400037004979,-0.012851459002708737
2020-09-02,0.014360261588002972,0.009424809572588259,-0.013218610873058246,0.009474934734592017,-0.006105442599659647
2020-09-03,-0.03502044391127213,-0.05203079438988148,-0.008137254873336977,0.0028370187135343325,-0.00204317034913707
2020-09-04,-0.00819821940589541,-0.013415676607815572,0.0027564932922231992,-0.019171104644386795,-0.0007676615499015209
2020-09-08,-0.027702780258330336,-0.04925706972250259,-0.0019287808618004912,0.006126448349954704,-0.02329909098925967
2020-09-09,0.01955480747823703,0.028952171329045973,0.009661434230238847,-0.0026909917689616693,-0.006041940334460071
2020-09-10,-0.017516234650992165,-0.020137919358172034,-0.0032283485242562797,0.005070119606431104,-0.025351804070775998
2020-09-11,0.000508820929629696,-0.0069641609020905425,-5.4861557792618405e-05,0.0021300996553470595,-0.0027064364670970073
2020-09-14,0.013085528713147367,0.017265731875718886,0.00786160327773618,-6.107833466117162e-05,-0.006525225693888161
2020-09-15,0.0050392006741798254,0.014073831463105077,-0.0023956152677241513,-0.0024353197402635224,-0.010695151996504547
2020-09-16,-0.003976373874919633,-0.016075166009050557,0.0028305733071044763,-0.002990564907898281,0.0415825026556183
2020-09-17,-0.008834136094940036,-0.015744881551245038,-0.005505121062685115,0.003051792164542764,-0.00026449055000925725
2020-09-18,-0.011579561276289264,-0.012845022065292429,0.001310849171618332,-0.003113544017385069,-0.01626922434251691
2020-09-21,-0.011191881173340294,0.002395220634033992,-0.020291789448272826,0.005062110079077168,-0.02064727530123628
2020-09-22,0.010132605274969002,0.01840822300845238,-0.004858095828927072,-0.000791336098251875,-0.02501515087159543
2020-09-23,-0.023463535947875362,-0.031009967995077953,-0.021843335368817322,0.0013386798946081154,-0.03261151364729932
2020-09-24,0.0026616884769149344,0.004645042895997082,0.0037119030895910897,0.0038224839338613825,-0.002037782370208433
2020-09-25,0.016037537342057453,0.022982857427547486,-0.0028540460781505306,0.0,0.00928078560263605
2020-09-28,0.01647321496760264,0.020556150784255555,0.010010290107421884,-0.002851272444293248,0.019157550102441787
2020-09-29,-0.005461074508340449,-0.004519308862092811,0.008397048385655496,0.0011544547545049631,-0.02960447830003742
2020-09-30,0.007553291636667049,0.006825600739854986,-0.006022969047958764,-0.009631711828624595,0.0014575893613426576
2020-10-01,0.006399476865955926,0.015747563132876376,0.008880963695329078,0.0016481960144014705,-0.03558044122774048
2020-10-02,-0.00953964410282364,-0.028534073143239216,-0.0008957769408936138,-0.003741376795636091,-0.0045379883222204705
2020-10-05,0.017577543496962028,0.021102454475864764,0.004861081696310086,-0.019732188472567545,0.02278288280297603
2020-10-06,-0.01431802912916469,-0.018008524935989197,-0.011830479550692698,0.0053744303991569665,-0.01042765898288924
2020-10-07,0.017256833424345912,0.017150941224903692,-0.00045132478533539146,-0.007319480314238394,0.00328918420985791
2020-10-08,0.008823705784343373,0.005309017429967402,0.0035486272055745486,0.0053853251401438885,0.05120352958710306
2020-10-09,0.008890515858304587,0.01516465755792085,0.017998399966815504,-0.00018723795996096674,-0.014857272751407757
2020-10-12,0.015959516896186816,0.030403429127406675,-0.002875813691634357,0.003181033919514983,-0.00317152485568266
2020-10-13,-0.006547618753878436,-3.398869870739216e-05,-0.01585383405158326,0.007134889321481363,-0.011910173653307961
2020-10-14,-0.006303007154062393,-0.0083874317250682,0.0030899939936110464,0.0022849123333247953,-0.0020473492096561748
2020-10-15,-0.001236564903437029,-0.006733818854081308,0.003639489400711449,-0.0017290657256299265,0.00874622830182905
2020-10-16,-0.0006047428841864712,-0.005496050790472697,-0.0034712263457632483,-0.002783922249227514,-0.010211576776950447
2020-10-19,-0.015320017139893729,-0.016460088488741635,0.0005046193567768562,-0.0037869041622092814,-0.02014291455701764
2020-10-20,0.003997602489112206,0.002147352929030961,0.004809318137998378,-0.009561814856075195,0.008343327998674219
2020-10-21,-0.0018947163130433352,-0.0007739782857163961,0.00750319529892231,-0.0034596809923495403,-0.0161535182759383
2020-10-22,0.0054704789403259195,-3.500312889432834e-05,-0.009849030639627157,-0.010450976226090798,0.04999587511405159
2020-10-23,0.003389310132851877,0.001968715892080178,-0.0010630400237792174,0.006094353108173574,-0.02028466633032454
2020-10-26,-0.018652572439234422,-0.015109631747228996,-0.0005039129828936211,0.009260151991866349,-0.023997936220663256
2020-10-27,-0.0034535258402257642,0.007777877614030975,0.002628864176270774,0.006686831449831703,-0.016019507998329588
2020-10-28,-0.03477680467494574,-0.03976700153088666,-0.01627516884164325,0.0009338450840347481,-0.03883084020439311
2020-10-29,0.010112265330844751,0.01733516405192296,-0.004153341326592121,-0.009754949346310842,0.04339090047318735
2020-10-30,-0.01047961881790881,-0.02568995290428509,0.004550651041840146,-0.009914850097784466,-0.01067271797622812
2020-11-02,0.011146362769444496,0.0022248588810643588,0.00965812884851217,0.007462184368027421,0.0411409950965243
2020-11-03,0.01750157875164001,0.017149745642117575,0.0056609432999779495,-0.005818123071652527,-0.017211222990939648
2020-11-04,0.0221031310853075,0.043670736555820266,-0.0005590140649358909,0.02146021445199246,-0.005402105144878662
2020-11-05,0.019314988268940417,0.025736869455082148,0.022723771699055755,0.0017368336979402053,-0.0018071332636015436
2020-11-06,-0.00022808415348513786,0.0007472787644333709,0.0014203529597109255,-0.012157855471372214,-0.011827643701224579
2020-11-09,0.012487186360204303,-0.020645731953535123,-0.045280856143465276,-0.021239252307516623,0.11920599850786054
2020-11-10,-0.001467626865089377,-0.018076908283571377,0.0033073065556014952,-0.005784068343776604,0.021942594637562207
2020-11-11,0.007400904330553556,0.022123341467882,-0.00433598220930235,0.0036028379250443985,-0.010363137948137922
2020-11-12,-0.009748139423298262,-0.004704840791068227,0.006042387508780373,0.01687506498408578,-0.034865806422321295
2020-11-13,0.01374951013591756,0.00873398941672653,0.006796565090032186,-0.0013272652243592141,0.023840631835229085
2020-11-16,0.012405192946181016,0.007772567417112814,-5.650286865533134e-05,-0.0024058837875910546,0.05604910837010102
2020-11-17,-0.005392992613184659,-0.003177044004437251,-0.0036759204841880807,0.006507043138097393,0.013276416515769203
2020-11-18,-0.012107621625690653,-0.007417650780031552,-0.005738783845972931,0.0028926883416313374,-0.038486598091457214
2020-11-19,0.004201521769658339,0.0077940161622299135,-0.0018822296869570197,0.005135086411149868,0.00509304849778035
2020-11-20,-0.006871391154894291,-0.006864094302978083,0.003021229432643738,0.008830904942751393,-0.012375634668966278
2020-11-23,0.005976230183276806,3.501701370479564e-05,-0.019890324232127853,-0.004592578526636629,0.06345525487993064
2020-11-24,0.01598547375920409,0.013951842723498033,-0.015447030279527764,-0.010001757342390716,0.06444271613104866
2020-11-25,-0.001543001144025673,0.006128069110045631,-0.0004718480371509017,-0.0030827452737833268,-0.028265785319114955
2020-11-27,0.002781353494691213,0.009172058663591167,-0.010198732236165305,0.00965794574451597,-0.015308980295838819
2020-11-30,-0.004437312975834591,0.0020379158872674006,-0.006697358920117144,-0.0012495111854595032,-0.052616602308446156
2020-12-01,0.010878093630572065,0.012734585768985314,0.02084085881536413,-0.014854092083887042,0.009656644343110437
2020-12-02,0.0021014171755311672,0.0012842481096768071,0.007493385024315116,-0.007968022450927217,0.03672006128377068
2020-12-03,-0.00027224695387687004,0.001414309581699217,0.007842668530553789,0.00803218672266422,0.0067375280594846945
2020-12-04,0.008580577906264006,0.0040670490587151505,-0.00283945502654119,-0.01477497847136694,0.035905423188089015
2020-12-07,-0.0020571839513996997,0.0056464683591993334,0.014803945459514797,0.008980596607210314,-0.018891155027725592
2020-12-08,0.0029220130151372376,0.0033791142186692913,0.003481841534737405,0.004714219971379905,0.03223754508017641
2020-12-09,-0.009009307581386511,-0.02290121811168771,-0.017241806434506103,-0.0033105429222497263,0.01317060741377776
2020-12-10,-0.0003271917126944808,0.004007579956860994,-0.0019148863181888906,0.008824704706179125,0.027878415149473732
2020-12-11,-0.0011733168643385222,-0.002216906069049235,0.001856945469586849,0.0035333758859435876,-0.004782752840590348
2020-12-14,-0.004487204180869747,0.007228854456414637,-0.005522859199322822,-0.0027750067002025643,-0.036739867920638596
2020-12-15,0.01342898326747961,0.010632788412064394,0.013893989774039692,-0.003353966881965088,0.019235812622865403
2020-12-16,0.0015680370718096743,0.00548455182103283,0.005503920929853093,-0.002664467892512561,0.01521811783930852
2020-12-17,0.005576320634618664,0.006516393265384963,0.01046541004295572,-0.002649851486318691,-0.005046835952361393
2020-12-18,-0.004000500566198073,-0.0030269138581131617,-0.0016988680965652808,-0.003001176566690176,-0.01740007792510302
2020-12-21,-0.003582351404960047,-0.0018729004544701697,-0.0031789169989821435,0.003957622608317936,-0.018422417152805917
2020-12-22,-0.0016868993472658798,0.002715641287137187,-0.007934507183398202,0.005147364628073996,-0.01706969982911256
2020-12-23,0.0008983050799574218,-0.005048925723897808,0.006625879072275585,-0.006932403044189592,0.012769521972212847
2020-12-24,0.003883149645747292,0.00440313912801295,0.003977347328631379,0.003949050610213917,-0.004078335134406066
2020-12-28,0.008553928273434652,0.01002825426502481,-0.003635744312567208,0.00044511900156210006,0.00335985648367555
2020-12-29,-0.0019098367938866231,0.000895008748846306,0.003635744312567162,-0.001271361920619689,-0.011323857038142622
2020-12-30,0.001426048869052475,3.223036005528174e-05,0.007626026694655132,0.0021603079741183352,0.007964000554466904
2020-12-31,0.005068005584281958,0.0024570223537342287,0.0037072651943418997,0.0014589137669335634,-0.009176501156038921
2021-01-04,-0.013707631315074267,-0.014220437787726877,0.02201425891234798,-0.001204874878774141,0.006769868808500275
2021-01-05,0.006863672537621414,0.008210418480633683,0.0029572490918935946,-0.007454736373529442,0.04706751740885238
2021-01-06,0.005960821315060123,-0.013949511931357511,-0.016374384156319522,-0.02074145185603068,0.025196961202048795
2021-01-07,0.01474851908460748,0.023904173062821162,-0.0023373497260989994,-0.008853851229413883,0.007815282295324914
2021-01-08,0.005681175026338371,0.012775945372072982,-0.03480879472366203,-0.0032327386066246205,0.011059640611886452
2021-01-11,-0.006763802706765653,-0.01455536970191229,-0.001963368081678198,-0.0016530733125111803,0.029904692891590326
2021-01-12,0.00021156928252616923,-0.001591390833994543,0.006453094143516468,-0.0007952140040863156,0.021960199207182698
2021-01-13,0.002689048822282847,0.006730405833914435,-0.004316677807613859,0.011199136858461963,0.011215198264083282
2021-01-14,-0.003507891750941001,-0.005361803720031928,-0.0005192346256867747,-0.009411581355125603,0.03829110244076654
2021-01-15,-0.007319781758437281,-0.007952448081512398,-0.012485246085867416,0.003959366771104384,-0.04929726893116059
2021-01-19,0.00782194836084674,0.014484214314682909,0.008437377567923208,0.003222771317070017,0.01964288606628872
2021-01-20,0.01374352728707608,0.022994623904487338,0.016151154600027997,0.000984266663484676,0.014028645922716732
2021-01-21,0.0009112817933535943,0.007967740807578972,-0.0006273739671711188,-0.007042996690687614,-0.029088375988518416
2021-01-22,-0.003545734429674202,-0.0028844461156815027,-0.007904302060517928,0.0032314869297659877,-0.014234954414988246
2021-01-25,0.003935956410896178,0.00823209184935018,0.0008622455288576803,0.011716420995184914,-0.011237292613689892
2021-01-26,-0.0015618880324834688,0.001461897616500306,-0.002473656951145883,-0.0018889933536863062,-0.022206423463402063
2021-01-27,-0.024744404261433914,-0.028272464297190738,-0.006355778295441206,0.0025396116770811604,-0.011401265918214505
2021-01-28,0.00856349755479785,0.005899205500955894,0.000926931727635592,-0.005543286350044982,0.015534759636242441
2021-01-29,-0.020222435501142597,-0.02126249881546352,-0.0004054103376829626,-0.00603370798809567,-0.026844157849925363
2021-02-01,0.01650821722798302,0.024680374776535226,0.00934152297824149,0.0011586442274930677,0.0017822202549910473
2021-02-02,0.014041266558417864,0.016182315862358472,-0.012242430084677477,-0.006468380947699813,0.015682516646872
2021-02-03,0.0007859629901595475,-0.003974953009499879,-0.0015117720158050482,-0.008913186688068961,0.03847878352909457
2021-02-04,0.011301799861655568,0.011757031557433179,-0.021765636924135134,-0.0026755824171679336,0.01900845217660399
2021-02-05,0.003927972550998315,0.0033858328724012863,0.009823748692690917,-0.008408663583425383,0.03296981449008959
2021-02-08,0.007196016909277685,0.006677180726282975,0.01001975221091292,0.004381850017137843,0.04214255309048062
2021-02-09,-0.000666027884891651,-0.00020980194773161608,0.0032595928083516256,0.0007388900743513354,-0.011780947751588625
2021-02-10,-0.0004357553822679269,-0.0022813641261800297,0.003654430629279855,0.006631421915372261,0.00963135476012012
2021-02-11,0.0016135260156109749,0.005484455962241663,-0.008723013798522866,-0.00548897091467143,-0.025357699572034438
2021-02-12,0.004927895167758412,0.005573439628007042,-0.003041852351548402,-0.012497680842418186,0.013551342164517068
2021-02-16,-0.0008665598887263623,-0.0027081020895035764,-0.014457496034195686,-0.015343666407957176,0.02964335134973291
2021-02-17,0.0002294418077916251,-0.004809899847802739,-0.011417786234196115,0.006330708379048135,0.015445190553374984
2021-02-18,-0.004265121117307025,-0.00438155523783831,-6.0090224343136566e-05,-0.004055783432994214,-0.01582978177082296
2021-02-19,-0.0017673418236246509,-0.004371031519086183,0.004139970385631239,-0.013380576756212929,0.006705531656908312
2021-02-22,-0.0077215875321144335,-0.026261371437393967,0.014858231751961605,-0.007637309481280284,0.036190779487123834
2021-02-23,0.0012137722100563897,-0.0029824129192185717,-0.0023033964742125187,-0.002888366470226588,0.013717369676189776
2021-02-24,0.010958666206562764,0.008209746423743669,-0.0007097783269727351,-0.006581303472466742,0.029532294588668986
2021-02-25,-0.024390508569267156,-0.03548514712469926,-0.018995808065307287,-0.016465118478896538,-0.01671743571895006
2021-02-26,-0.005165927097892261,0.0041790820148158965,-0.024480114534154506,0.03252408629058,-0.025244203888011272
2021-03-01,0.02395123778727711,0.029638483221287284,-0.0017319159550744983,-0.013295256294508158,0.03665665675802149
2021-03-02,-0.00783392746879308,-0.016168733505434376,0.005433148366520264,7.088034558372803e-05,-0.005868204374829915
2021-03-03,-0.013334098093159896,-0.029449359086936175,-0.011082728374520621,-0.010904781104517697,0.00799370752063032
2021-03-04,-0.012452284956970445,-0.01650236122147533,-0.00988559566723337,-0.006470886410199906,0.038015510451518915
2021-03-05,0.01822957388702993,0.014948413585130665,0.0006286134207733884,0.001945153108556501,0.03711554019635896
2021-03-08,-0.004991316629638335,-0.028722743813378186,-0.010422315048141234,-0.007804677623102418,-0.0009851934986491696
2021-03-09,0.01417658641828424,0.038683297540108394,0.02104806019448947,0.013761895786816726,-0.015563140170438937
2021-03-10,0.006205466843247663,-0.0028586058477291162,0.005085327698430273,0.0020023787462030854,0.030240465806136416
2021-03-11,0.010088024303003283,0.022770330411153183,-0.0008663865026826478,-0.0072395956396771296,-0.007474835270330662
2021-03-12,0.0013457927236434671,-0.008145455085217936,-0.00018574519969141986,-0.02145046257058052,0.010707505202005247
2021-03-15,0.005945915525231946,0.01062623762789683,0.004386867610048303,0.0058631415656569775,-0.025827066797350407
2021-03-16,-0.001262429448457311,0.005473893535522345,0.0009244132771239594,-0.004026828803815496,-0.021423451284642552
2021-03-17,0.0034042550802859933,0.004108809348189201,0.0071195808075622735,-0.007511074861646818,0.004389069792660878
2021-03-18,-0.014656388669823205,-0.03110971339403386,-0.0058269675795917875,-0.01017815740214171,-0.0440765103071287
2021-03-19,-0.001852049854741828,0.0035193443762632686,0.004174394816826358,0.00617843664215923,-0.005648764176254998
2021-03-22,0.007953359651444383,0.01857944870522826,-0.0014713433816878438,0.011143561264378142,-0.010320549196540109
2021-03-23,-0.007902054377991243,-0.004372228464964086,-0.007327408483150656,0.008987030352503343,-0.012418070156202337
2021-03-24,-0.005096514530670458,-0.017009388687543446,0.003454859203276189,0.005367231956608543,0.020079620683942888
2021-03-25,0.0056099269146650714,-0.0017328261139678634,-0.0036402714825327686,-0.007916460714905633,-0.0028439143790221057
2021-03-26,0.01598632696551255,0.014888715607399475,0.002839374216722469,-0.003506170427782317,0.026869813725929042
2021-03-29,-0.0005052680046948218,-0.00028467402251856335,-0.011967328788777756,-0.008524312393479583,-0.005386185210194382
2021-03-30,-0.002656231171926114,-0.00504558779173604,-0.01723957501602924,0.005226050053201306,-0.012446920844406194
2021-03-31,0.004045145672344217,0.015186417319682843,0.015053975494509144,-0.005595412560994287,-0.01528605969193436
2021-04-01,0.010741043140394722,0.016903083326464757,0.012549018493591777,0.016461227479916306,0.027558497698610872
2021-04-05,0.01425106998113896,0.019768221607518146,-0.00037046965366193687,-0.004373193296883474,-0.015629217187470096
2021-04-06,-0.0005909236304803984,-0.0006951190736663289,0.007996616729269289,0.006769815983966448,-0.0028360141115126355
2021-04-07,0.0011567636788689497,0.0024153790675344737,-0.0028223021365765604,-0.006989101839024106,0.004427744623733037
2021-04-08,0.004735614769468409,0.01037976638669328,0.010694635856861524,0.008221670034632006,-0.0104808638968567
2021-04-09,0.00724388154855555,0.006039768645277957,-0.007566026934120144,-0.0036291908826909997,-0.002324157845000519
2021-04-12,0.00036454868004111117,-0.0013060434203894735,-0.006082067490100263,-0.0004369710210763195,-0.0066445338382620026
2021-04-13,0.0029591445158079904,0.011605443978539461,0.007061488473290135,0.007465872267620413,0.003776744284194928
2021-04-14,-0.0034208224686182133,-0.01208114929826536,-0.0043537794872208335,-0.0031825504157051787,0.028489850175970225
2021-04-15,0.010685092875620635,0.01504222834022203,0.0160335365383925,0.01659655078807576,-0.005949239340455411
2021-04-16,0.0033369511357375027,0.0011701801879048632,0.0060295628147861114,-0.007796991540048293,-0.005631782455198336
2021-04-19,-0.004925385581851309,-0.00919365564343643,-0.0027691247303623773,-0.002876498383745224,-0.0031818098220532933
2021-04-20,-0.007348263201685034,-0.0073154584029930855,0.003550241996940974,0.0045980677430133236,-0.021294740888971105
2021-04-21,0.009417326590290667,0.008524381143577621,0.009862362310853667,0.002004976475829535,0.012759669729775595
2021-04-22,-0.009174786273330432,-0.012127701818792736,-0.00650425423162094,0.004354721614449294,-0.013121313636647359
2021-04-23,0.010783915686316802,0.012510657263527548,-0.0038387727937765547,-0.002353170533957177,0.005413233849944779
2021-04-26,0.0020854788146707558,0.0064903000791494666,0.002640755671589698,-0.001429065329836864,0.001977374526713288
2021-04-27,-0.0002155078499445481,-0.004341773180545459,-0.0025205449092440876,-0.008760986676495205,0.013025323116073457
2021-04-28,-0.000287442225640926,-0.0033865178660356363,0.002940064461277065,0.0006487083859571848,0.02969147291865533
2021-04-29,0.006352683908805353,0.0035923354145035655,-0.004142547462168167,-0.002959557690566515,0.014182268600939803
2021-04-30,-0.006592242976841805,-0.006576339217242633,-0.003374702192485256,0.002310849304609515,-0.029266848214469572
2021-05-03,0.0021542817568143175,-0.005339602641218153,0.01289485518814097,0.0005993642127734136,0.027228704371082733
2021-05-04,-0.006188455974974575,-0.01815965845554755,-0.007356686965198023,0.006762860954724033,0.006270745810784085
2021-05-05,0.00031286335156433014,-0.003367854975666608,0.00413361336698124,0.0016476938174323538,0.029629385015652807
2021-05-06,0.007953720122785885,0.007508938843194411,0.016542002735280385,0.00164517879457349,0.009467843808205941
2021-05-07,0.007251847411895641,0.008081588275621339,0.00895658735382193,-0.0049432203473270065,0.014196169602533953
2021-05-10,-0.009951896933584808,-0.02557856669776315,0.0030259218728549953,-0.010179282551473556,0.0023997774860951
2021-05-11,-0.008964680292197071,-0.0013822560416606384,0.0001742848474817966,-0.005675180742722776,-0.032315867003463346
2021-05-12,-0.021474207956464767,-0.02622384564553149,-0.009983483413452903,-0.010563360920348496,0.005344044067498582
2021-05-13,0.011940859738547902,0.007701341993142591,0.004098917859921596,0.0015470001412657957,-0.012401709492016827
2021-05-14,0.015238628281744234,0.02183679106443872,0.009074563611959028,0.009308272563951954,0.02448674726431591
2021-05-17,-0.00254764008000923,-0.006085029849228897,0.011572105937362132,-0.002118060384621577,0.023098011462964106
2021-05-18,-0.008653081553798651,-0.006773559369855571,0.0019442812059788442,-0.00256144868356736,-0.02870833805266164
2021-05-19,-0.0026252476419935224,0.001147455796014261,0.0006853819629941132,-0.0024217778054482844,-0.024287333436892954
2021-05-20,0.010700593850166019,0.019158806056659552,0.004556871795741219,0.008194633265401782,-0.002376507257573993
2021-05-21,-0.0008189907175072256,-0.005549692146219747,0.00045446916842239933,0.0032009942475588666,0.0013585622448566658
2021-05-24,0.010142597767563741,0.01667881753527182,0.001759487487714246,0.003698042978538514,0.011642846642050965
2021-05-25,-0.0022211910830901072,0.0013826021715297831,0.009031903514378268,0.009220515626786432,-0.02290759639358273
2021-05-26,0.0019824092087277144,0.003477798196349502,-0.0017435678186662285,-0.0017222890393653412,0.011604257687679097
2021-05-27,0.0005250104939037432,-0.0037481507754874594,0.0003940189892895408,-0.004030554348677044,-0.006468095462860749
2021-05-28,0.0017870946023388402,0.0031491975919961217,0.0037630876338542248,-0.0015879203537996168,-0.0032498828248044547
2021-06-01,-0.0008811269975322774,-0.0033295678509145344,-0.0026945732480542135,-0.00022438024433991697,0.035180246402335816
2021-06-02,0.0015712545987318289,0.0019512262161130386,0.004878526963101577,0.0023124270200979213,0.007907458543657271
2021-06-03,-0.0037182948010879395,-0.010460385438682898,-0.019772420864664846,-0.003760521216860451,0.003930629059011663
2021-06-04,0.00910441698318973,0.01682748762281496,0.010725633264657355,0.013601859487769426,0.004403438010967932
2021-06-07,-0.0009706782433556679,0.002975293061768351,0.003999619209610979,-0.0030782077861172914,-0.0065305919498405045
2021-06-08,0.0002130466981437514,0.00047529751287838534,-0.003096867753862795,0.007001676197482712,0.0175357506463503
2021-06-09,-0.0014930578546380202,0.0002373304107061863,-0.0019193434836643904,0.008790164011969697,0.008334925340259224
2021-06-10,0.004637775791226664,0.010366538069628825,0.004285131517665339,0.005980977350695266,0.0015947395849493058
2021-06-11,0.0016510007478079945,0.0026113491140863448,-0.011316177890912231,-0.0016149574840883826,-0.009285902776880064
2021-06-14,0.002236441431970464,0.00953728153394604,-0.005878166410042197,-0.007688404212042956,-0.0016098507160222464
2021-06-15,-0.0018359822416534975,-0.006552496588054798,-0.0037848631237422004,-0.0012045880256829546,0.03576319558820212
2021-06-16,-0.005599034187245268,-0.0036588628026713137,-0.01703600368035545,-0.0008511339229407628,-0.0035815831761830154
2021-06-17,-0.0003314383936438052,0.01261756738425488,-0.03122282591641038,0.014860794896540127,-0.033471331975201565
2021-06-18,-0.013582360270913953,-0.007878214599840297,-0.005562705142465907,0.01863104931275912,-0.025984042110006437
2021-06-21,0.01421432684917385,0.0061956733719144485,0.012173251058176099,-0.016884146099278692,0.035616416674962674
2021-06-22,0.005332153326203847,0.009278626557540175,-0.00420166857422807,0.0024390664451948017,0.01899100726124659
2021-06-23,-0.0012059135463916104,0.0004891560852746463,-0.0006618767987564016,-0.0025789300498258788,0.0073410514123831315
2021-06-24,0.005898256371573693,0.0061633721552689265,-0.0006021199876096117,0.001603700144585127,0.004037644356590137
2021-06-25,0.0035457937267121486,-0.0012295852142473593,0.003306999189259349,-0.010437283680118429,0.0021673770140539497
2021-06-28,0.002014066415560916,0.012088509588696863,-5.999643961855651e-05,0.01022835875412645,-0.02584923065869217
2021-06-29,0.0005377538118283442,0.0036118724835384223,-0.010561034647227364,0.0016717616592814401,-0.006208628339075722
2021-06-30,0.000841254162307642,-0.0015787943993025868,0.004841763592293601,0.004443049728749412,0.007319200793570712
2021-07-01,0.005521292910870108,0.0003950875431079632,0.0034354496150826534,5.547879589227218e-05,0.0028493203048578
2021-07-02,0.007614570779853552,0.011413220923890336,0.0065369291506959725,0.006016278391198951,-0.0014236453244972803
2021-07-06,-0.0018231482420867251,0.004312698117375791,0.004949187883217545,0.011652741509763993,-0.02890848808376851
2021-07-07,0.0035278472195136297,0.0021079701317718775,0.0037995736126820853,0.008820627222206414,-0.015766416594306512
2021-07-08,-0.008181348713590247,-0.00605826472613255,-0.0006520293887520076,0.003909732654486586,-0.004479415841789479
2021-07-09,0.010618147019349714,0.006224299485446497,0.0033150614410246745,-0.014162529550118874,0.017961981854369785
2021-07-12,0.0035755603894409896,0.003898153376569157,-0.0012418718351821449,-0.001297515714438674,-0.0009802957313576875
2021-07-13,-0.003414832302859007,0.0,0.0013009357869861221,-0.007682573447194236,-0.00475221772213397
2021-07-14,0.0014910502312879608,0.001791923389786315,0.010697757313475486,0.011297769075530031,-0.022424250728391257
2021-07-15,-0.0034213441758120812,-0.007048521025558677,0.00017546425482688882,0.0109701992784516,-0.009790879849733997
2021-07-16,-0.007874617494143163,-0.00813231270787464,-0.009751038308664079,-0.001887483585083453,-0.028040105769817945
2021-07-19,-0.014877950720786045,-0.008226917789520016,0.001179853512608669,0.021691167022858053,-0.03497284119352067
2021-07-20,0.014228696522466357,0.011549293290791612,-0.0012979424872485647,-0.009686510421610594,0.010960483049455719
2021-07-21,0.008063670935850004,0.0076905910756577866,-0.003726190289074976,-0.01274695094557773,0.03165945343622097
2021-07-22,0.002091957695175921,0.0065888065740259795,0.0019535411866020086,0.009408698157242103,-0.011317344950245885
2021-07-23,0.010235381569710877,0.011609666430522223,-0.003139340880551927,-0.006712083065165861,-0.0012264965401891997
2021-07-26,0.0024520157825829937,0.0007872807532766834,-0.0023758261058627853,-0.0029667997503862787,0.02493212553816032
2021-07-27,-0.004568165997597007,-0.011079081348269713,0.0016636888817755746,0.010614501227599125,-0.011177304970896732
2021-07-28,-0.00040989838962368077,0.0038341356449730054,0.0050335632022407,6.662721471525736e-05,0.006721316352627882
2021-07-29,0.004138423016428644,0.001775321223339602,0.011044023020098688,-0.005561832552517504,0.012121498100938207
2021-07-30,-0.004868026240528694,-0.005225381100247345,-0.007918108309762988,0.004693022424069424,-0.023348762513544206
2021-08-02,-0.002100448758241814,8.228276191141021e-05,-0.0012374082182159806,0.00887961689894122,0.0001735897805526459
2021-08-03,0.008102742167692502,0.006043037681260514,-0.0007077270423842932,0.0005310764306563479,0.010710124850579986
2021-08-04,-0.004931071733382113,0.0014437162505041934,0.00023593466942563418,0.002053826575665125,-0.023645036485590475
2021-08-05,0.0063128775046132615,0.0063230104720849575,-0.003959922253451811,-0.005110363137657733,0.006313536891305971
2021-08-06,0.0016510458932051863,-0.0043919507356755556,-0.025308704477345147,-0.016841764853993874,0.01147254713953677
2021-08-09,-0.0008139566921875761,0.0018459834413951488,-0.017894816057729707,-0.0035927042985910247,-0.011472547139536653
2021-08-10,0.0012431837404056126,-0.005138979113676492,0.00030914743149373187,-0.0046289132781986595,0.01698775294549248
2021-08-11,0.0024817405480722287,-0.0017187067956145026,0.01369082807188368,-0.0006139601214201137,0.0029178120020268684
2021-08-12,0.0029926051396651884,0.0035979816186021696,0.00024383177142714218,-0.001639961966364471,-0.002264376996325431
2021-08-13,0.0018182644711122976,0.0035039184250621634,0.014224167163591615,0.015672351818328944,-0.010164567161110829
2021-08-16,0.002351893980496331,0.0004335377944759637,0.004975891262677384,0.002420897255697732,-0.014728408436002031
2021-08-17,-0.006576746995169464,-0.008846979808639143,-0.001496155150116038,-0.00040297445565964273,-0.006816194125226338
2021-08-18,-0.011005275610113743,-0.009671418034395998,0.0007783092556947036,0.00335341213979333,-0.0212831391714764
2021-08-19,0.001547018702483216,0.004819840304078034,-0.0029367165231408677,0.007337991390500813,-0.030995757467437417
2021-08-20,0.00792559155018449,0.010305024031653773,0.0005400158455303154,0.0006640933946074475,0.00018952213288578052
2021-08-23,0.008758049055272025,0.014845923930542083,0.012104007439095057,-0.0006640933946073845,0.040321328140370004
2021-08-24,0.0015862980351842389,0.0030497504060580834,-0.0004742535717267673,-0.007807336306706174,0.008161968589489785
2021-08-25,0.0020960525382170783,0.0011479013279684428,-0.006961609676564189,-0.008341249265129205,0.0018046236455858194
2021-08-26,-0.005920837371377098,-0.006370354562093026,0.001133835388463418,0.0027660385354925407,-0.013615517703813088
2021-08-27,0.008901122393690843,0.009673305613327101,0.014917723322635659,0.0067804121110324024,0.01918939795637084
2021-08-30,0.004388029312467868,0.011159775894283366,-0.004947859047149437,0.0026060449809646637,-0.010998123800048625
2021-08-31,-0.0014826162755929015,-0.0008156214241580393,0.00200564206756742,-0.006829796487046721,-0.011670311960519882
2021-09-01,0.0005312603917806478,0.001656605482876615,5.88968847449306e-05,0.0016739225791079899,-0.013851819058635218
2021-09-02,0.0030722121166840404,-0.00047281150871432984,-0.002655242464544409,0.004355609126381992,0.024070819797502686
2021-09-03,-0.0002431958584959631,0.003070893394283438,0.010637446088029513,-0.00913638986786974,-0.0038201038584454133
2021-09-07,-0.0035816401203968024,0.001414078704019337,-0.019778020504279115,-0.008471385292348463,-0.00584884823834643
2021-09-08,-0.0012191361131727247,-0.0034867186695794073,-0.002507544166051433,0.00678355058979892,-0.009208048717589104
2021-09-09,-0.004289336918881737,-0.003446213590816123,0.004413734414974538,0.012027258056078896,0.0007396218677041763
2021-09-10,-0.007915787583301024,-0.007618325046917182,-0.005071495164425335,-0.008855592161211661,-0.002035591658853532
2021-09-13,0.00255573333195799,-0.0006907063768170399,0.0033441618437189445,0.006046583239012475,0.025424502557699253
2021-09-14,-0.0054112133522632175,-0.0028472098798159933,0.006417907636002404,0.012049855545763117,-0.014370406812392796
2021-09-15,0.008318232999242304,0.007407194835093373,-0.005881528710091136,-0.0035133200628798176,0.03315593624968159
2021-09-16,-0.0015863252806181585,0.0006877312586480957,-0.022902242747818987,-0.004592531314647965,-0.01069141933058356
2021-09-17,-0.009788959686568515,-0.011913113115352699,-0.0015862999324902439,-0.004815178082722444,-0.011894330837222102
2021-09-20,-0.016814697062932423,-0.02087954137130909,0.007118755657039398,0.01232555671580956,-0.027011071579604657
2021-09-21,-0.0009450687858844732,0.0012296476117940195,0.00664689654260444,-0.0008611276438784182,-0.0009317780474108709
2021-09-22,0.009707518908841686,0.009297254195402763,-0.0037409995549623856,0.005946739290149103,0.028849208576164957
2021-09-23,0.012076769184737867,0.00918449384157065,-0.011613566243419594,-0.02285597368853224,0.033309629344035474
2021-09-24,0.0016460078019648705,0.0009380584982784732,-0.0012850982867509395,-0.009821579350023108,0.008895174175460057
2021-09-27,-0.002865289921453481,-0.00801440884724915,0.0020798706668898187,-0.003682322002472044,0.029260199629824766
2021-09-28,-0.020357489968815173,-0.028705571244478083,-0.009763940911599527,-0.0156998125800992,0.010401019834195425
2021-09-29,0.0016818041718235203,-0.0016406175094424574,-0.0045149330127863515,0.0017335309278679583,-0.0006676352589149808
2021-09-30,-0.012297658767879104,-0.0036808803770669346,0.01781698430701417,-0.00013850911884839706,-0.017860605730161343
2021-10-01,0.011813801961916563,0.006182528490061576,0.0022505110921036547,0.008380379145516608,0.03524370743118561
2021-10-04,-0.012979750186849378,-0.02121300037531765,0.004667408258473528,-0.002549035163174884,0.012882356857579306
2021-10-05,0.010351282008808605,0.013408603821026415,-0.004667408258473519,-0.009703093263788586,-0.0016215131178716976
2021-10-06,0.0041474431648022905,0.006387215086990701,0.002669757352534067,0.005625471981445133,-0.018508515028197822
2021-10-07,0.00860838672476349,0.009133622055774919,-0.005285683868044846,-0.010512491418470474,0.0028063739116478185
2021-10-08,-0.0018253061738200097,-0.0049994063854011846,0.00042627404378714777,-0.007023768050434607,0.024748920162928404
2021-10-11,-0.0072661371429707635,-0.007699171422136133,-0.0018893655741350408,-0.0025403724507909826,-0.010021009176649154
2021-10-12,-0.002464650259670933,-0.00349388956100978,0.004504271350483098,0.016955004828590744,-0.00521164052319107
2021-10-13,0.003591269959963801,0.007976284818481453,0.01763773443447277,0.009679755567217698,-0.002779979247179218
2021-10-14,0.016680697814292936,0.018249101597156616,0.0024434808580754102,0.003708268976125365,0.01511369068568657
2021-10-15,0.007587023671475949,0.006280715256720971,-0.0160204917648545,-0.005844083890510796,0.009470955257065773
2021-10-18,0.002956071736823153,0.010005402526000367,-0.002482990902389477,0.004677983756106379,-0.00047915864730481585
2021-10-19,0.00768522515232609,0.007539250637309005,0.003208519186409284,-0.013890268526089824,0.014913700727658723
2021-10-20,0.003920079105076506,-0.0013059868507647556,0.008725778175468667,-0.006773034385349015,0.005496605235151709
2021-10-21,0.00260489870130424,0.006088335983789558,-0.0008991093021597419,-0.0011920411614822332,-0.018334743477012767
2021-10-22,-0.0010366918744010728,-0.008437726318836948,0.006098334452755203,0.010952574331574231,0.0068358155163425775
2021-10-25,0.005348449326553983,0.010185531391474913,0.006890365329616705,-0.0015271444190898633,0.019299319314505153
2021-10-26,0.0008994720502320856,0.0031439391970916435,-0.007427027125168416,0.00823486170742369,0.022890616591837262
2021-10-27,-0.004439936205906366,0.0023184833462681063,0.0026206236403640355,0.018030416670963903,-0.026315345609235964
2021-10-28,0.009602632110684867,0.011044136275611521,-0.00023791366260843256,-0.0033894633195151796,0.0028030696048752524
2021-10-29,0.0020271358139298066,0.004906874305655867,-0.008544299301700552,0.0030510948103032913,0.002484672505075204
2021-11-01,0.0017185032330327402,0.003412977724035392,0.005207004497418708,-0.007225497460600014,0.017833079719110766
2021-11-02,0.004035199997161614,0.004172543254125927,-0.0021513131388870075,0.004428165928152489,-0.012418742132264427
2021-11-03,0.006086589209616218,0.010559676085667852,-0.0083501482773226,-0.010387138194637335,-0.013825436386202553
2021-11-04,0.004701461906939552,0.012737197431227544,0.011277125295739413,0.01045556393569016,0.007480026105240719
2021-11-05,0.003463472685674367,0.0009537302812774494,0.012978359326946427,0.014844731507835638,0.009426017778603035
2021-11-08,0.0008534644028994963,-0.0013554569222763108,0.003585184846901929,-0.0018766648899568726,0.010708515119291237
2021-11-09,-0.003310917714200206,-0.0069073160010643285,0.004916006634195484,0.0129339053164469,0.009691059443269576
2021-11-10,-0.008077198075908698,-0.014805974422413312,0.010800248284572371,-0.018452091186763407,-0.01989709315077917
2021-11-11,0.00032337516633487674,0.0027688652098517034,0.005586453042738802,-0.001485542706402242,0.0018676465393782208
2021-11-12,0.00751848597847134,0.010467725418166925,0.0018934614978916627,-0.004402087372802114,-0.007648425397864759
2021-11-15,0.0003422266564170504,-0.0002283447289449863,-0.00154894492430588,-0.012636250846373622,0.00858083840979163
2021-11-16,0.003950307657191842,0.007095731803921354,-0.007260156004477963,-0.002546562157638371,0.010047084100495391
2021-11-17,-0.0024322452584248228,0.0005282203100929637,0.009095692432078762,0.007893885360990689,-0.010979497112422175
2021-11-18,0.0033905044239227584,0.010308366220729155,-0.0032143154449525086,0.0037532395477995434,-0.010944655151122022
2021-11-19,-0.0017898455620407737,0.005560026149555568,-0.007675708262916443,0.010502611046949554,-0.04732120677401507
2021-11-22,-0.002819003525673616,-0.011677108882794994,-0.02267561664312034,-0.011797622979502414,0.013750286171511547
2021-11-23,0.0013249913304856017,-0.004568555235745037,-0.008690053468478977,-0.01456449354093374,0.02599648718659072
2021-11-24,0.0026663596266118766,0.003215239989864432,-0.0009569597921073518,0.015927938498601357,0.005528836360845512
2021-11-26,-0.022555625696858705,-0.01914070823974864,-0.0016168462526691021,0.024954927101138162,-0.0357611907269389
2021-11-29,0.012191995107920153,0.021470245145329244,-0.0013795005365548109,-0.008071157243454901,0.005535559301944069
2021-11-30,-0.019649471287859818,-0.014795310022442859,-0.006744546424564762,0.015088017395327313,-0.028825070124183408
2021-12-01,-0.011169432108937947,-0.01715907608044286,0.003980006790395922,0.006149863513405738,-0.0008358413466947848
2021-12-02,0.01520011607038285,0.007181046898122704,-0.005552205835401061,0.0012465638602758566,0.024614958447187946
2021-12-03,-0.00873915479388907,-0.017541521460299452,0.008376819081740972,0.0118616423202415,-0.006384387842110706
2021-12-06,0.011773711538969929,0.007980825767304307,-0.0024635953850727986,-0.013830618171091194,0.011268035019652099
2021-12-07,0.02047370100572548,0.02966960062577802,0.0035432060613326127,-0.008112874203422075,0.011142766112995615
2021-12-08,0.0026444971475963596,0.004464408484098928,0.0005393685677794685,-0.01743539050998541,0.002886556372860556
2021-12-09,-0.006774584100615095,-0.014823899969680103,-0.006130129283900702,0.005577286719235176,0.002558645968495092
2021-12-10,0.009369377681319192,0.0108115654744337,0.004211020685246302,-0.0024147150927465643,0.0063684726033130835
2021-12-13,-0.008897621648513826,-0.01455197225587821,0.002518126917516811,0.014670277521723873,-0.022144668973026818
2021-12-14,-0.006903818878366363,-0.01040436084708894,-0.009385206339641532,-0.0023856864449390727,-0.0014614038573489627
2021-12-15,0.015504156277488402,0.0225415618903664,0.004282351988516796,-0.009668635305833355,-0.004397215108465246
2021-12-16,-0.008857504413560582,-0.026051118686414635,0.012024970840539904,0.00038911183190332285,0.001631017580929112
2021-12-17,-0.010700003239762683,-0.005001388753125562,-0.002143116686188639,0.011267512016313066,-0.022076737816774102
2021-12-20,-0.010690475010700175,-0.009747705622156932,-0.004240244730917084,-0.00752017094100034,-0.014598887848692134
2021-12-21,0.017603326074974158,0.022133378598488393,-0.00041897618344674124,-0.003814189046203757,0.022397788676103775
2021-12-22,0.009949094362754794,0.012104989679278892,0.00935611880010715,0.004615668090164918,0.008066453663745421
2021-12-23,0.006202639222126148,0.007510717764114278,0.002251481491211197,-0.008714320698535895,0.0004919120597849906
2021-12-27,0.014053052037738671,0.016392441115615334,0.002364450476828884,0.002420424229964227,0.014156876636048378
2021-12-28,-0.0008176011077603197,-0.004645542546445117,-0.004319380340024978,-0.003970536540171654,-0.003236936614426069
2021-12-29,0.00127859215289276,-0.00014959616289915125,-0.0002965516280151311,-0.010984531311942318,-0.008791890197388021
2021-12-30,-0.002768458206813851,-0.0029928712845523984,0.007151581744182501,0.008351353036631618,-0.00590452331726178
2021-12-31,-0.002523516712508755,-0.006264092971084032,0.006808358432551388,0.001958897671810409,0.006558442660207807
2022-01-03,0.005773393636752516,0.00958065748570527,-0.015503300973700684,-0.02660097674896697,0.03768586721856529
2022-01-04,-0.0003351146274467495,-0.013055399421677515,0.007339514803169255,-0.0041670689779245255,0.036923962697771866
2022-01-05,-0.019388675530988497,-0.031202675931285534,-0.003012197052209778,-0.005442585679168833,0.012360798886321987
2022-01-06,-0.0009401201690650332,-0.0007030237208700972,-0.012319703780209438,0.0025857297386005624,0.023248259822065836
2022-01-07,-0.0039611768493479135,-0.010891710084167438,0.004540812572282988,-0.00721426416687542,0.008163359427339032
2022-01-10,-0.001245129259975051,0.0006576542570780089,0.0030355936239956378,0.0024574639706051483,-0.005970072458621556
2022-01-11,0.009067001461006965,0.014910487718528362,0.01199245713664559,0.006639087769428913,0.041201450025919975
2022-01-12,0.0027000081492941875,0.0039576826613383015,0.0026391371424113854,-0.00383840116968236,-0.0029474700023851136
2022-01-13,-0.013874488716066287,-0.025334333807699057,-0.003402771341298051,0.00884166574048011,-0.007194826069983071
2022-01-14,0.0004089258702593346,0.006203104092486035,-0.002883829150556528,-0.015225384464597863,0.01740398946985748
2022-01-18,-0.01786823277576968,-0.025208963508663515,-0.0016516182679313014,-0.014174073787587548,0.016695959566175277
2022-01-19,-0.010438018172165718,-0.011044606110112104,0.015755750605134237,0.006899235939909586,0.00041018335612366436
2022-01-20,-0.011129618180898013,-0.013073423009552857,-0.0025020112544038944,0.006148764112210471,0.0021859834021044694
2022-01-21,-0.01982605685840649,-0.028120197832276164,-0.003267771913809988,0.011835816386929739,-0.015126647724708193
2022-01-24,0.004237955474050749,0.00456728553144406,0.005479160681096094,-0.008249324477383971,0.008553942174654912
2022-01-25,-0.012284347269344586,-0.023454264939122584,0.003192034576976311,-0.001616345339504774,0.028975878371173953
2022-01-26,-0.002511812833035769,-0.0015658042963922392,-0.01629856790431354,-0.012167676283058298,-0.01019447053859315
2022-01-27,-0.004950270057202472,-0.010121857685874761,-0.01298211532059733,0.018196441423664333,0.012726857759498509
2022-01-28,0.02453204167274239,0.03088705932759508,-0.002987752337666492,0.0003499628779389113,0.002127791884125479
2022-01-31,0.01785073709507434,0.03147797481864385,0.005907056331230696,-0.005184218688013455,0.008992327386265082
2022-02-01,0.006734368921639678,0.006780175661266595,0.0008325368758188378,-0.0033243375242333725,0.062141114084913684
2022-02-02,0.009667149129133086,0.008092882301256689,0.00361943388995412,0.0033810445617852526,-0.0026012213240191144
2022-02-03,-0.023785594018364702,-0.041388644271190746,-0.0014224174555621005,-0.007836907032029954,-0.011728104287593822
2022-02-04,0.004691297976727204,0.012535908936552567,0.0015408910869810946,-0.01485178393341665,0.021479521188127595
2022-02-07,-0.003214566886624641,-0.008076777405805065,0.007375317353577323,0.000647326774015492,0.011965918186502026
2022-02-08,0.008194003576125505,0.011172420185228734,0.0030522079460774463,-0.006707945081807328,-0.026192755210292108
2022-02-09,0.014530203671665852,0.020969176113115,0.003393414275398407,0.0018793595672415408,-0.004798439139612012
2022-02-10,-0.01812895924381745,-0.02289255655233169,-0.0038037857675304026,-0.01601979521190008,-0.009666961369192243
2022-02-11,-0.019915704432325286,-0.03223566754850548,0.018875607865561438,0.01471897113425993,0.024867059303915626
2022-02-14,-0.003274803139886865,0.0012383861120113888,0.005336451777182292,-0.012519244126305585,-0.015453533022130839
2022-02-15,0.01599833257379316,0.024559809396341184,-0.009545260370239185,-0.011417988938745119,-0.012614075731602335
2022-02-16,0.001120195904342254,-0.0002526674133269135,0.01023173130733765,0.0059094392670748005,0.0046056335626908605
2022-02-17,-0.021592880763046617,-0.03019521405642165,0.013575508168976262,0.007410924230922656,-0.001532855521659204
2022-02-18,-0.006496013503032593,-0.011471226557268115,-0.000733724019731723,0.010472055242616962,-0.011183292487425675
2022-02-22,-0.010789766939790583,-0.010094242509050055,0.002086858856896338,0.0026008543266152775,-0.011702255959719467
2022-02-23,-0.01789787555978765,-0.025949019434426266,0.004497100140272996,-0.013877298433919608,0.004046282279813195
2022-02-24,0.014937028093816198,0.03305237436595001,-0.006471023453826176,0.0006581605086936386,-0.01271554615279008
2022-02-25,0.021824179916536228,0.015388139300405869,-0.0033362372759372606,0.0007309938717167806,0.026556685556424337
2022-02-28,-0.002561899566486189,0.0029745010787391034,0.010311993951243732,0.021681432247630177,0.00742389551551236
2022-03-01,-0.015347530877393621,-0.01543008479953319,0.01800043176575384,0.011495888540484602,0.00951840176900893
2022-03-02,0.018229012468281295,0.016640216421767384,-0.010460864384517259,-0.0347807936972415,0.017032272100795453
2022-03-03,-0.004990567579019143,-0.01438785884991766,0.005935763844875876,0.010134147052877716,0.006313400344784271
2022-03-04,-0.008157973015266416,-0.01459808098902252,0.015803608419049087,0.01711655170690208,0.036944512185576185
2022-03-07,-0.029922601666855873,-0.03757825442646478,0.014753495270293054,-0.007658600783096627,0.035398852394718024
2022-03-08,-0.0076105383330534555,-0.004658978929777571,0.026991429368426304,-0.010111217488665631,0.007547258128372092
2022-03-09,0.026457888666620456,0.03536523344878395,-0.030161495266205762,-0.009847128007378452,-0.05852636742394527
2022-03-10,-0.0045258089983089235,-0.0111668232216127,0.003116366878477797,-0.014471805130784537,0.030570334674043135
2022-03-11,-0.012796630935859275,-0.02095639259606762,-0.007052696024243029,0.0033411083930969514,-0.005167867425156094
2022-03-14,-0.007335036853633696,-0.01939137514798122,-0.01518847505814139,-0.02362576859468085,-0.036455281164432154
2022-03-15,0.02175181564654243,0.030884546053620787,-0.018882610033681094,-0.00174709709741583,-0.058595932262397475
2022-03-16,0.021932147182662513,0.036415906634122606,0.006241285995487705,0.009760228892342175,-0.0037626286987979133
2022-03-17,0.012433171507201753,0.012033568096087185,0.004876733952655098,-0.00748199407317825,0.026298574316186967
2022-03-18,0.010893321004643389,0.020261239159877435,-0.008828710707897394,0.012138880457450716,-0.003932613714353796
2022-03-21,-0.0002923026859480536,-0.0027839361311749237,0.00761175501954624,-0.023429134160608708,0.043893484822407916
2022-03-22,0.011633523499268711,0.01946200325056899,-0.007277189924242526,-0.012894220774951354,-0.004389230106884225
2022-03-23,-0.012962256481938725,-0.014475649276227512,0.013567209576051467,0.021678007286202835,0.015639454533480295
2022-03-24,0.014961932765878908,0.02198317550210799,0.007234137513108609,-0.007863673259167914,0.003002953114854289
2022-03-25,0.004871670570944363,-0.0008343270483675193,-0.004103860537691329,-0.013969923139649325,0.02159280017104045
2022-03-28,0.007087815854738318,0.015354008976757864,-0.018371517706821095,0.008513402832662439,-0.028452594245747236
2022-03-29,0.01229483574466304,0.017063097583487112,0.00044668806848975184,0.007524166667767983,-0.0053277497676691744
2022-03-30,-0.006193758145596322,-0.01110693234326432,0.008006283379257595,0.0077713563685450305,0.016973358970502547
2022-03-31,-0.015511040522336502,-0.012472298621967264,0.00038752078804877134,0.002425846140498924,-0.014305882610208227
2022-04-01,0.002830134927734898,-0.001905115506597949,-0.00638621587890147,0.0037995832872054405,0.006396859375598954
2022-04-04,0.00853008178312717,0.020379594778369536,0.004835061682683925,-0.006974006854790244,0.00048114522395484587
2022-04-05,-0.012711836673549083,-0.022454493641445836,-0.006284549046099261,-0.02285182958580596,-0.005184003797856543
2022-04-06,-0.010049630561610326,-0.021950603389933168,0.0023404756196963713,-0.00812691525733765,0.011059058097219045
2022-04-07,0.005026272106571097,0.0023751436829334794,0.0037777415804506904,-0.007560834152572989,0.0165978463083895
2022-04-08,-0.0026775294016316,-0.014077747844319713,0.006246419748615932,-0.010889751290683326,0.020828101132835786
2022-04-11,-0.017240071371732946,-0.023941708974103044,0.004947206140849894,-0.015951726969856937,-0.035037848085121344
2022-04-12,-0.0037118537313294724,-0.004233229274381768,0.007647435301758943,-0.0013815784034385819,0.020655635098581437
2022-04-13,0.01138838471503099,0.020123287483243713,0.004777109287769396,0.002031334680184046,0.014036517262845757
2022-04-14,-0.012529765666157992,-0.0231325191947183,-0.0033090194372706765,-0.020249132009869303,0.01168120368124809
2022-04-18,0.0004109970339210073,0.0007678432418668191,0.0030924062818564585,-0.004981357379516978,0.008164528880435652
2022-04-19,0.016013407198081562,0.022104560455581023,-0.015228268112133887,-0.007518986472186379,-0.00896173840832567
2022-04-20,-0.0007415502911999718,-0.01469177619044397,0.0048830061930919995,0.019925828268278396,0.0022763867638281423
2022-04-21,-0.015066495527342091,-0.020908108122519854,-0.003563943502360224,-0.007425484416575126,-0.01062936649197878
2022-04-22,-0.027822843877348496,-0.026534624160416638,-0.009769661352400816,-0.006313930822036412,-0.022073285690071505
2022-04-25,0.00578100942539513,0.012763803026213657,-0.018134432520229594,0.009950913516485,-0.034294337551662446
2022-04-26,-0.029388671068605755,-0.038475694293272404,0.0015238553873300224,0.010016470393874904,0.0003645991712893066
2022-04-27,0.002808146092193187,-0.001199006122311942,-0.007585723242633687,-0.012908537478262415,0.02815711777658969
2022-04-28,0.024945430965404025,0.03489973958049835,0.0053838047894630165,0.0014884655234642372,0.029797316559926904
2022-04-29,-0.03765568334404057,-0.04604280524986288,-0.00011298334784093811,-0.013057921476088759,-0.022615891384121414
2022-05-02,0.006001451590562644,0.016558347304387138,-0.01871452290294498,-0.017485481190888247,0.013515080735750036
2022-05-03,0.004573515299225959,0.0010668491580735242,0.0026457593569150124,0.006718726276533354,0.020390186496894936
2022-05-04,0.029998406641332912,0.033253124979776116,0.009774616775434711,0.005495028158524521,0.03902885130687843
2022-05-05,-0.03618989746365019,-0.05167661666713283,-0.0038184194446891804,-0.027781077323699006,-0.015274085796105183
2022-05-06,-0.0059866738834394055,-0.012053159198597362,0.0016545049194706565,-0.014844613684041566,0.015164973952463894
2022-05-09,-0.03254104037867934,-0.039912794085071535,-0.014585347642546313,0.008758881691772302,-0.0821352704729617
2022-05-10,0.002307857270197467,0.012075445441819514,-0.00848106565352078,0.009028579254005764,0.0066085597236603495
2022-05-11,-0.016013728955270912,-0.030106941415987305,0.008133958004822058,0.0190890209079421,0.02060504678805212
2022-05-12,-0.0010442680620640279,-0.0023670804934435245,-0.015452706170676834,-0.0018669357407007513,0.004529256918551391
2022-05-13,0.0236264370889263,0.03638960879665558,-0.008142627698810948,-0.014891394794472794,0.029232271692438645
2022-05-16,-0.004065939968723033,-0.011659297756458046,0.009493279652076629,-0.0010352692227877695,0.023247824795697945
2022-05-17,0.020361663016040678,0.025571783375078132,-0.006299094085683991,-0.0121569342210525,0.012673704078889361
2022-05-18,-0.04114663845633125,-0.050336423997020645,0.000531343704844183,0.021093655341883493,-0.015977618554738695
2022-05-19,-0.006143156831855172,-0.005372603753723847,0.014590277160260899,0.0023923333560927013,0.005390796884323663
2022-05-20,0.0004363459742445774,-0.0031128226565009234,0.000697767757192036,0.011285922178891182,0.007869013813759752
2022-05-23,0.018537110108756083,0.01649054169245911,0.004639589893868967,-0.01659140879484103,0.021858155081411784
2022-05-24,-0.007662959845768832,-0.02149119162356781,0.007493711725538028,0.01954022813840743,0.005417314096280017
2022-05-25,0.008795923716596727,0.013898276281676166,-0.006048248796558386,0.003946866666071563,0.019927075089613343
2022-05-26,0.019784220323930832,0.02733012171689276,-0.001850609639927292,-0.004535739003915755,0.0035244368907180247
2022-05-27,0.0242529552009279,0.032118565851217834,0.0005208853826908474,0.0024381450800115088,0.009782212263638651
2022-05-31,-0.0056269913212756645,-0.0026565516920152646,-0.009942270255165302,-0.02138950088057486,-0.016426726089563325
2022-06-01,-0.008121277327494673,-0.007423540863506823,0.0063488366174163004,-0.0011437307049897087,0.018985429671501533
2022-06-02,0.01886422223167451,0.027017366888932297,0.012234040087981134,0.0005163651474697766,-0.0017392309219845354
2022-06-03,-0.01654747037420677,-0.026363807986795225,-0.010203900438868029,-0.002152395391112587,0.01443413526676845
2022-06-06,0.003039926300862289,0.00332534958650515,-0.004413447852864014,-0.018615577767084158,-0.0025261207487765067
2022-06-07,0.009546719870562869,0.008588929240151942,0.006497267812168451,0.010741940062937102,0.04481244468356849
2022-06-08,-0.010931733620145292,-0.007222342043556261,-0.0009256257836888652,-0.008899971075192342,0.011733215429699616
2022-06-09,-0.024070101243210722,-0.027150155610453693,-0.0031883338247287547,0.0033252240070561,-0.02184508057108746
2022-06-10,-0.029424471310293174,-0.03590742592857198,0.013323135228160962,-0.006221406927647405,-0.01844335778983123
2022-06-13,-0.038707870860593685,-0.047612092703455774,-0.02676735882447253,-0.03188179594928409,-0.046974995126229775
2022-06-14,-0.0030177587130276583,0.001813470218100621,-0.008035407203286724,-0.012693940734405796,0.0026047283109218783
2022-06-15,0.014155773659478529,0.02466572100710607,0.012966509676610984,0.018484576581027704,-0.01267114788332249
2022-06-16,-0.03365621494538034,-0.04118323186369488,0.011180446816136464,0.007907776889957082,-0.037582156680139284
2022-06-17,0.0021534714205961626,0.01208641895689497,-0.008256810144045654,0.003217112991114866,-0.0593943570296674
2022-06-21,0.024862128208339742,0.024916554128003983,-0.0037437854344901486,-0.01709735714593383,0.06037880914175815
2022-06-22,-0.0018146601852748532,-0.0014594071372797553,0.003977268335422712,0.02712905586853191,-0.040375945516539516
2022-06-23,0.009754671349249386,0.01478293450140289,-0.006148118298448717,0.008181344560357635,-0.030625766616644023
2022-06-24,0.03129882959487112,0.03368959960534899,-0.0009989609969459391,-0.013939171780711935,0.019639358302785504
2022-06-27,-0.003826918042452186,-0.007358652570887099,-0.0011176944418580068,-0.008565365424619257,0.024215351577393053
2022-06-28,-0.020644597881480212,-0.030940823600005714,-0.0016493806069405818,0.004648561298537069,0.02736540473225473
2022-06-29,-0.0008146402842525844,0.0009167570726687745,-0.0007666517068580592,0.015487555751585197,-0.03763920185681187
2022-06-30,-0.008157510319924153,-0.012480838184368055,-0.006095587698335223,0.008743771511334824,-0.028547372244967475
2022-07-01,0.01052091103941086,0.006578888789712888,-0.0008313996785857856,0.010214391755281603,0.022057706626477165
2022-07-05,0.001886858834475866,0.01697496872672103,-0.021437799680384485,0.007826139095873742,-0.03179667978425133
2022-07-06,0.003371691480226887,0.006391366105850863,-0.01596901758740465,-0.016933423421457018,-0.018204939705613408
2022-07-07,0.014866073275441035,0.021173470875504335,0.0005548992912700342,-0.008839059442943343,0.03144107605336694
2022-07-08,-0.0008229276592395443,0.001253457939851922,0.00043143823725389326,-0.011137799327077555,0.0016278469860021942
2022-07-11,-0.011489180180785114,-0.021595993649486434,-0.0053749265251639535,0.017097606185970865,-0.00512501017598154
2022-07-12,-0.008888263638826964,-0.009734413738927012,-0.0037236489059839332,0.005924265049251476,-0.013400733469909078
2022-07-13,-0.005265878581833595,-0.002063353322937568,0.004776265963686179,0.01140094042357993,0.00401551651176512
2022-07-14,-0.0024313558451732747,0.0035645273554755106,-0.014146649261641277,-0.008192244940119093,-0.020241215120390735
2022-07-15,0.018925082528149194,0.017976241400374515,-0.0020104758163567997,0.0056124876319362926,0.01669883472264575
2022-07-18,-0.008291286415055178,-0.008498378370793985,0.000942949789432323,-0.010473245858132068,0.018284607951707953
2022-07-19,0.026660514623234904,0.030289743945011695,0.002384623832616704,-0.005409235542850787,0.024890962661189623
2022-07-20,0.00635322061668121,0.015732287833236398,-0.009446509339211243,0.0026211592034213515,0.010928969531895446
2022-07-21,0.01013140909216881,0.014253071228214679,0.01401179660226555,0.017128543399616218,-0.016837436239582546
2022-07-22,-0.009321518288590434,-0.017690896819459772,0.0024926409954947677,0.016671354204460923,-0.0076647788807946045
2022-07-25,0.0012142994662953635,-0.005711875942385942,-0.0027423043036363935,-0.00983314106405312,0.0327601883830062
2022-07-26,-0.011901536401521308,-0.019844667618574903,-0.001186514317386386,0.0007663961145509321,-0.003897161960778884
2022-07-27,0.025635030563220123,0.04139126281454652,0.010133467249785824,-0.0056335689280420705,0.02141352029522971
2022-07-28,0.012464390006349217,0.00973043986389296,0.01211168004371747,0.007929467025170637,0.011617444341203938
2022-07-29,0.014473471085141082,0.018072800042198037,0.0028071459585694595,-0.002721744921032218,0.04526812000823481
2022-08-01,-0.0029657138326199734,-0.0006024013236875127,0.005651232868696488,0.023798291121369376,-0.025600920711490775
2022-08-02,-0.006619190150681951,-0.002986123015551638,-0.005955990148902209,-0.0213867943565722,-0.004349159293626436
2022-08-03,0.015538237447825405,0.026868426754477908,0.002435276067987767,0.01562191633089982,-0.03295994354255329
2022-08-04,-0.0006758848244372995,0.0046653933815650325,0.016404693683584038,-0.0003349105651564649,-0.04298963525741352
2022-08-05,-0.0016915576283048597,-0.008202492842692975,-0.011309781450742627,-0.024091598732788277,0.014347724115527425
2022-08-08,-0.001161465381153096,-0.0032375803388869874,0.008434348290836127,0.016012751352037453,0.005637132470288895
2022-08-09,-0.003978966844621065,-0.011383284977762672,0.003054867797077557,-0.0038944409254544066,0.018269369447360993
2022-08-10,0.020786491821621685,0.027528494297579784,-0.0025151110588634198,-0.006552931550041698,0.009448404579462158
2022-08-11,0.0,-0.005692073548694844,-0.002641706914863643,-0.023585697130280085,0.028517760660712876
2022-08-12,0.016786996212773023,0.01928355654663982,0.009155976822720392,0.010090124399011241,0.008654162419133903
2022-08-15,0.004112641092331339,0.008048654503757536,-0.012950528089989187,-0.0008660831185764883,-0.018033938562859498
2022-08-16,0.0019567208174916125,-0.002344518185994419,-0.0017516299628300418,0.00414900560379333,-0.009358886388718414
2022-08-17,-0.007123411295830789,-0.011471554870844487,-0.006489345947105167,-0.010492078237095094,0.008058049803442973
2022-08-18,0.002902136306657967,0.002402117162239983,-0.0026198444873023344,0.001480928340149103,0.023369352151075475
2022-08-19,-0.013529129076071268,-0.019689691208314798,-0.007347552958114958,-0.016233614682772225,-0.0031837370677039916
2022-08-22,-0.02104217566781007,-0.02668004297733182,-0.00665930336783302,-0.0033671538348937283,-0.0007443878934353896
2022-08-23,-0.002422311581011383,-0.0008272009444306941,0.006966551217581505,-0.005518200867088872,0.04156625749196551
2022-08-24,0.0031959677599266516,0.00289271096792857,0.002944580504679446,-0.0073463490534675085,0.0059009353801538975
2022-08-25,0.014019141295076323,0.01752760497572552,0.0030581063588208724,0.013840179516363153,0.005160079260644286
2022-08-26,-0.034435613426498195,-0.04185194480760355,-0.012227153201929956,0.007509364629163891,-0.01238829935641135
2022-08-29,-0.006634053610261963,-0.009904330480656134,0.0006180465249853886,-0.008307600972043057,0.02272930072194909
2022-08-30,-0.011038403753279356,-0.011198942842638816,-0.008375556136480044,0.002481628206448863,-0.03879746228702587
2022-08-31,-0.007638057227787165,-0.005830643888526839,-0.0077553096129762645,-0.009606801925808085,-0.007503811144740599
2022-09-01,0.003132722213959668,0.0004343903497001826,-0.00882902347465035,-0.01847788258793051,-0.01815734819892669
2022-09-02,-0.010600462672522034,-0.01422874000372551,0.00876617372318804,0.005641116903449379,0.018157348198926653
2022-09-06,-0.0037801806276442544,-0.007208465874373277,-0.005856578259356107,-0.02508054364738606,-0.006717776835858105
2022-09-07,0.017805595852562934,0.02000000953236512,0.010117286090114818,0.01569192613646181,-0.008567478463273792
2022-09-08,0.006514951680015825,0.005171032625794434,-0.006020378897494643,-0.010310339316205952,0.008146092457586
2022-09-09,0.015415802902999997,0.021626729311393464,0.005269846503477033,0.0022179493455888053,0.016613866787100143
2022-09-12,0.010690286492423443,0.011815431517079557,0.005055386193321507,-0.008251118130378982,0.01143713696177681
2022-09-13,-0.04445606044922183,-0.05639765958876419,-0.013096728906648173,0.0023246828141472256,-0.0236355992752743
2022-09-14,0.0038087134801618864,0.007901965119041371,-0.003855034555311845,0.0034306695597078832,0.02425000212903293
2022-09-15,-0.011418523745258766,-0.016793958497497697,-0.018855801737618274,-0.0006478516881950328,-0.029508711686919726
2022-09-16,-0.007658018438956706,-0.006133481293819562,0.005533767627080334,-0.008371046046975306,-0.017230774489962908
2022-09-19,0.0077251082390094325,0.007757201288803132,0.0007697907679810017,0.002332438918271728,-0.00010727303291877414
2022-09-20,-0.011545126735814757,-0.00800302204001491,-0.005722932055293624,-0.010020158574853407,-0.008187635131082553
2022-09-21,-0.017597901662755135,-0.018068510406169004,0.004632228320962459,0.016614104612380092,-0.01625007679401496
2022-09-22,-0.008435005190828458,-0.012384101038916939,-0.0005778441890031698,-0.025880580380649137,-0.004187052400375938
2022-09-23,-0.016896788406187375,-0.01641539579717544,-0.017427816406674814,0.00407658306870053,-0.05468672945341957
2022-09-26,-0.009942079753690615,-0.004146585637616858,-0.01170141432179742,-0.01929607448239533,-0.0208573953458208
2022-09-27,-0.0025559659336949177,0.00040096721791344316,0.0020477436877313054,-0.026683624227199162,0.020740688557283875
2022-09-28,0.01948534186969062,0.01969702307544519,0.020573557832177892,0.03293374645766776,0.035742597002339414
2022-09-29,-0.02111043701827916,-0.029251443681820595,-0.0001939471718055397,-0.0051895261708376295,-0.0020276768336993404
2022-09-30,-0.015584177151900644,-0.01710192826815164,6.462035224685361e-05,-0.01299475102843761,-0.015569218107389381
2022-10-03,0.02605872121503282,0.023189413125466733,0.024019005945363412,0.015764732006734433,0.05145340583607002
2022-10-04,0.030516198896649388,0.030956404682873077,0.014226444596111972,-0.002797249652688424,0.03579636075598698
2022-10-05,-0.00233099853631294,-0.0005316705436888525,-0.005553659432976476,-0.009607319361809412,0.039616354109584064
2022-10-06,-0.01036939519674601,-0.007903940700955828,-0.0011269264553861384,-0.005573824304659068,0.02922937999296686
2022-10-07,-0.028290349226722564,-0.03884930885231982,-0.011023386142689101,-0.009755440881181101,-0.010143180251168915
2022-10-10,-0.0076644302352412794,-0.010046404734314082,-0.015318203217156916,-0.015667752926582765,-0.021915209563343793
2022-10-11,-0.006353034479294778,-0.013833630018977654,-0.002060212330939929,0.004415936439930061,-0.008534839499773702
2022-10-12,-0.0033039333071985953,-0.0003425703180461357,0.005335071671709423,0.004894774807909555,0.004378240626470275
2022-10-13,0.026048952238646176,0.02318188753114718,-0.006947611087114204,-0.009612876609260435,0.03435182014284515
2022-10-14,-0.02305257075637623,-0.030518330512800014,-0.012537160793022467,-0.008284232085656117,-0.026660273082828215
2022-10-17,0.025372064451683895,0.03248789627559185,0.0028720806307473926,-0.004881912541816135,0.014313776006903275
2022-10-18,0.01168117337507278,0.007876839216946778,0.002148660090392182,0.002342348088566643,0.0017874504422582622
2022-10-19,-0.00711159869965435,-0.003653366703580515,-0.013488925988338462,-0.01837340409490727,0.029231104553899663
2022-10-20,-0.008420696602833094,-0.005115201275680101,-0.0015834633753089122,-0.017241053806978532,0.0013480834082339422
2022-10-21,0.02401110736437526,0.02317713495833668,0.01767059741452654,-0.01818733370252494,0.018399859597446822
2022-10-24,0.012162095769256892,0.010941364000846705,-0.0032488658845126403,-0.008298601104774204,0.006966057064371454
2022-10-25,0.01584242056639753,0.02047473642050001,0.002275353560635257,0.02869671481458275,-0.006777095080144273
2022-10-26,-0.0075626288975212215,-0.02234393233772603,0.006343446354353355,0.01430438841933789,0.011830045500124306
2022-10-27,-0.005354293895922469,-0.01837392732096174,-0.0015497241473593686,0.010416408413597185,0.0038193302468060514
2022-10-28,0.023512078934164717,0.03014196757525476,-0.01026317410117862,-0.00689789784423978,0.028867987267112906
2022-10-31,-0.007249482597915078,-0.011696273518391484,-0.008194886192774814,-0.00715346030685526,0.0009932566265600437
2022-11-01,-0.00438534027307696,-0.010270134559166868,0.010151726172797497,0.009302225008005276,0.009877830459975338
2022-11-02,-0.02541658793164409,-0.03487828110116639,-0.006996970202892216,-0.004349588473924383,-0.020766283895085752
2022-11-03,-0.010350144736075371,-0.01972799692863523,-0.003813297433937162,-0.005411782804533459,0.013502093649663514
2022-11-04,0.014290514189864215,0.015956750086127104,0.0302345832528433,-0.016942982057595,0.010832158048752762
2022-11-07,0.009520148737684326,0.0109346135841016,-0.003970260739379374,-0.010026977896512669,0.011772660197067008
2022-11-08,0.00538081841352175,0.0072608984859235635,0.022836328940686813,0.010875461600011608,0.0031628354561045974
2022-11-09,-0.020817316260770956,-0.023346945435803405,-0.005029894759161607,0.0032821911983000893,-0.045768305480625215
2022-11-10,0.053497304806095464,0.07119300789401888,0.029990153003992607,0.03775200900358649,0.014585572527233292
2022-11-11,0.009632023080807881,0.01825845966554763,0.00658459794711783,-0.0036706575346024816,0.03074403536108837
2022-11-14,-0.008543094755595226,-0.008789672630350987,0.0021852662272774694,-0.0024551560664586728,0.002915098618237542
2022-11-15,0.008492727954933584,0.013743431748175005,0.0035106980811025834,0.01605105475151193,0.006681327674641943
2022-11-16,-0.007657836570266129,-0.013743431748175054,-0.0022987420952167376,0.02163253324735575,-0.010747006883215695
2022-11-17,-0.0030646008699220114,-0.002209433449274264,-0.007293959961673216,-0.010608217895119216,0.0013274930453321917
2022-11-18,0.004530077884888356,3.4852798442052916e-05,-0.006917507382313755,-0.006901052532090347,-0.008705805152616614
2022-11-21,-0.003642618980951313,-0.010340041124972964,-0.0056056352070885974,0.00420644810275296,-0.0099528686863464
2022-11-22,0.013367210397569216,0.014299642231408593,0.0011730356909015207,0.01409151165463205,0.028516300231317914
2022-11-23,0.006281857890254967,0.009986703746341332,0.006212503317279542,0.01729102231990328,-0.005004569795244812
2022-11-25,-0.0002237507260516373,-0.006600142914706023,0.000858102340972588,-0.0033949809451618166,-0.0035271720069880263
2022-11-28,-0.016085777628998373,-0.014781690869854843,-0.007934893665371402,0.0028141577636591323,-0.03049290569375791
2022-11-29,-0.0017189958905873006,-0.00759836637692303,0.004928261563008794,-0.011795129304583289,0.006626024951810988
2022-11-30,0.03101474003394799,0.04457711853991615,0.012700921015012894,0.007327258522311761,0.007210886976452108
2022-12-01,-0.0007362440980859256,0.0012263397851136524,0.01821784239630758,0.031446329469949054,-0.004861719814439318
2022-12-02,-0.001154235351235025,-0.003991328767842967,-0.0034616677176241193,0.012497107858699584,-0.008520003908825735
2022-12-05,-0.018153281654010454,-0.016925729354229885,-0.01730780530272015,-0.014105671064413131,-0.027780820318677353
2022-12-06,-0.014519458306484238,-0.02093808530850223,0.0027336344458788004,0.012797542599400268,-0.028189651088735935
2022-12-07,-0.001702801281764261,-0.004090958104529355,0.008998493556537802,0.023288669220190197,-0.0022165841390950638
2022-12-08,0.007803664605275621,0.011765295135279595,0.0008413425277820795,-0.002744043634953242,0.007401577572662343
2022-12-09,-0.0074983029040089685,-0.00639706830028726,0.0035378943750204003,-0.02635848344796554,-0.008463278371269315
2022-12-12,0.014314130174367501,0.012473251752746847,-0.008294841833501867,0.003192290445142114,0.024329761687581036
2022-12-13,0.007541377471616484,0.010692694830593718,0.016936889733695327,0.009609874726854501,0.010874741554597202
2022-12-14,-0.006414056751526715,-0.007441420330626732,-0.0024359858905979824,0.004261995834458179,-0.007393172303647301
2022-12-15,-0.024765631061381688,-0.034153118733260455,-0.016494600382901816,0.003894137130444019,-0.009627071014396756
2022-12-16,-0.011876526240700428,-0.009580242380766471,0.008671019495160068,-0.011233242146739531,-0.007043098245407544
2022-12-19,-0.008515754382361657,-0.01415307586273545,-0.0028218082489996433,-0.016947930008542406,0.00447891892209248
2022-12-20,0.0013673496508025398,-0.0007787455868752854,0.016458298941440037,-0.017916920292822217,0.014349390764110606
2022-12-21,0.01484163285583286,0.014401725091959021,-0.0016573862871153066,0.0025104134606560836,0.012759124476137876
2022-12-22,-0.014368716093532066,-0.024769275528505396,-0.012158980168932585,-0.00019280012314597852,-0.02038028302065591
2022-12-23,0.0057357280087480785,0.0022465586077405415,0.002993835039254722,-0.014769126868075022,0.02610150446518807
2022-12-27,-0.003951141336208349,-0.014239050983193271,0.008394677302769623,-0.019971003564528918,0.013798369331893427
2022-12-28,-0.01250586994334836,-0.013291030996027417,-0.004515989032750605,-0.005909032239881872,-0.01656265608139976
2022-12-29,0.017840267719574296,0.02408319840610364,0.005582639597805041,0.011286977927263821,0.007537632361992526
2022-12-30,-0.002637811999289784,-0.0006005862589692791,0.004667758029330661,-0.011186485376444115,0.01002260473253311
2023-01-03,-0.004218481649284728,-0.006783186708085007,0.008335816871946341,0.0189038737801191,-0.03496492835898874
2023-01-04,0.007690469720567308,0.004752881761781232,0.009367889939565922,0.013606861293208072,0.002906250439446711
2023-01-05,-0.01147908362017122,-0.015777959116476753,-0.01252963086748756,0.004172228241286803,0.02212744761388241
2023-01-06,0.022673208915909415,0.027226925355187698,0.01853466381119925,0.018229575242992898,0.012014315458611263
2023-01-09,-0.0005670466118553759,0.006452632507369192,0.0022426010679794787,0.005310151439760144,-0.01881329681834675
2023-01-10,0.006988308395349304,0.008429146371887282,0.003669304474491391,-0.016688600429993577,0.014824619591632428
2023-01-11,0.012568441195123852,0.017152107860274563,-0.0006870298860052756,0.01612066886836537,0.011559674051784525
2023-01-12,0.0036342123401011065,0.005389796003403786,0.011501603213231942,0.01949104607295865,0.016474989391349636
2023-01-13,0.0038720873699623778,0.006857177606569454,0.011930333702592914,-0.00941687996272427,-0.0006184929117437728
2023-01-17,-0.0018334264962119131,0.002026437825684673,-0.006566591290624395,-0.006484640880992481,-0.0019461337836821733
2023-01-18,-0.01591410156984151,-0.013085132188506704,-0.0028758838411488395,0.023942908862202156,-0.020757760081279133
2023-01-19,-0.007306517571820109,-0.009872700604015378,0.015743931377470842,-0.006279780951543461,0.006398459171337871
2023-01-20,0.018457558120816554,0.026998871201249226,-0.0033409804213138158,-0.01634405661056965,0.018071510986431595
2023-01-23,0.011927164945973786,0.021972718355614627,0.0018946378029897782,-0.004719277965505075,-0.005218735859414598
2023-01-24,-0.0010736578894241285,-0.0020437862683109743,0.0036119840879409123,0.014278256732348006,0.00926881558907098
2023-01-25,0.0003745162956967704,-0.0022219914200730124,0.004593393795208086,0.0024215243041550414,-0.005286028276835953
2023-01-26,0.01093059994733577,0.019310188777722347,-0.009096515003608066,-0.004662779949934658,0.03940417092442834
2023-01-27,0.0022949231110453235,0.009904618728282657,-0.0013939615756237058,-0.002526770720226607,-0.018426189693078663
2023-01-30,-0.01262604680509431,-0.020425937142004948,-0.002570014931290955,-0.003661466190294133,-0.01789104483336929
2023-01-31,0.014596119419148621,0.01487502862382846,0.0036296165072691286,0.007963005774196515,0.02134497312411032
2023-02-01,0.010571653978421622,0.021158103406273398,0.012518134528387544,0.0119492660581548,-0.011007780601711788
2023-02-02,0.01445227667742345,0.03526081637067851,-0.0209702840085377,0.0012931685686532414,-0.03178786826581661
2023-02-03,-0.010686170660711033,-0.017932127487206084,-0.025274496401227434,-0.015068454231035228,0.006903634403672304
2023-02-06,-0.00612996827736308,-0.008495092719143388,0.002073259184240806,-0.0074315724712602955,-0.0016989645403791465
2023-02-07,0.012993670285673144,0.02050697440185417,0.0009200023760844002,-0.008057951048167467,0.028150878905184088
2023-02-08,-0.010994873316939671,-0.017941243002669548,0.002468544755507998,0.004747713438674598,-0.00873991534120857
2023-02-09,-0.008706998256583175,-0.008877026133335523,-0.007943887464013586,-0.009518327486563583,0.0037675015171151965
2023-02-10,0.002331025382393029,-0.006584833865294428,0.0019053779351280687,-0.011252888080513201,0.041287029119550143
2023-02-13,0.01167056770594534,0.015889336920081987,-0.005089097798950408,0.008379776340031626,-0.00389724524826321
2023-02-14,-0.0004602568456686444,0.007361727888994598,0.000753454984742333,-0.002304785753364365,-0.011783777161011085
2023-02-15,0.0032421061830921927,0.0076318855084469605,-0.010014646847400324,-0.009368781567248892,-0.003010974874257953
2023-02-16,-0.013864391754475172,-0.018942469554148956,-0.0008195726363130796,-0.01426920511359784,-0.0029335446591760234
2023-02-17,-0.002501498993984556,-0.007080902393649706,0.002982339072148569,0.007745854586471014,-0.039210333768080995
2023-02-21,-0.020264897986376304,-0.023959844491028552,-0.0037440046605545256,-0.01962840580565757,-0.0009889658083152104
2023-02-22,-0.0013789473506356045,0.000747985199464081,-0.0056423768979153,0.009122682744531402,-0.013037837674886331
2023-02-23,0.0053050513822610855,0.008696419846655597,-0.0005305918526508475,0.009724120457734459,0.009162280031376315
2023-02-24,-0.010739603411738456,-0.01688604491728241,-0.0072206822499255125,-0.013085823472650375,9.041437482571352e-05
2023-02-27,0.0033999943207763104,0.007135720563255967,0.003912670406128105,0.002769322757536622,-0.0018075339316887778
2023-02-28,-0.003702871092713139,-0.0012938825235117646,0.004545621851780495,0.004532697090004375,-0.005806007602025303
2023-03-01,-0.003843241503344139,-0.008071525997060073,0.005755555600934512,-0.010801318338771482,0.008876797403976075
2023-03-02,0.007747347866763894,0.008241665623339329,-0.000585735153896139,-0.008906618641837914,0.0045886523546545335
2023-03-03,0.015910584954725932,0.020463217296569948,0.010666001055863707,0.023937201696213755,0.01257761953412023
2023-03-06,0.0006921859011326666,0.0011336902964441294,-0.0050565936951402655,-0.007783646783072801,0.008825486297642727
2023-03-07,-0.015447254625292554,-0.012341429295315065,-0.017635068390636166,0.0061137451418011015,-0.019519862368115086
2023-03-08,0.0016306520979568286,0.004981779021325344,-0.0004745630282821619,0.0009826023653115169,-0.014712115895965655
2023-03-09,-0.018622035069532847,-0.017477850051924964,0.00980112770009771,0.0024522901014382287,-0.007758721799482855
2023-03-10,-0.014534733501841455,-0.014142968270529483,0.021333667247723984,0.033905011573945334,-0.012447668426317463
2023-03-13,-0.0014259935084372025,0.0073889902680369535,0.022688861946558777,0.002270200894562997,-0.011571580004232066
2023-03-14,0.01639467300201834,0.022719739747512492,-0.005807897981361377,-0.016578129931588678,0.0037473358321609127
2023-03-15,-0.006273704682908938,0.005232333216697681,0.007773838437142398,0.01912626027874775,-0.05102733254630949
2023-03-16,0.017392814200228212,0.02601910023418568,0.0020180543660701534,-0.00785363837283579,-0.005823093676370657
2023-03-17,-0.011761579545225921,-0.004737340683736034,0.028704276731304653,0.01489736974136159,-0.011848599075179642
2023-03-20,0.009569752277366735,0.003542684714601489,0.0003807952240648717,-0.008836271933075556,0.025805971386200183
2023-03-21,0.013045124197964317,0.014181416028782944,-0.01905552456933767,-0.008629261333849069,0.04382765809048487
2023-03-22,-0.017193548645170177,-0.013691315610362893,0.016877382247649345,0.013245316871318531,-0.02315454552594169
2023-03-23,0.002699924655623043,0.011788196190515231,0.012460224063675791,0.0,-0.01134615115893452
2023-03-24,0.006540474260338493,0.003673915469298811,-0.011316136891165252,0.0042202163956059635,0.0011596950541547548
2023-03-27,0.0018681739597566302,-0.006874965767034102,-0.009299831745516636,-0.02377111714684552,0.021689034860467655
2023-03-28,-0.002247291270247201,-0.005325731356787617,0.008155744573006158,0.0018192365611689604,0.012399244081284592
2023-03-29,0.014430190676073233,0.018069802464566645,-0.0049731154716589265,-0.002010901265540305,0.017031052388221356
2023-03-30,0.005838260966150333,0.009420604271059637,0.008998964139577773,0.004590597466634366,0.004852271164261267
2023-03-31,0.013996154514385637,0.01649407388089397,-0.0052258772770236855,0.014870024443088305,0.0015515934620511265
2023-04-03,0.003803473596690295,-0.002433588272304712,0.00717858251921089,0.004691995001004887,0.05732537297422485
2023-04-04,-0.005563712339804341,-0.0033789786099549402,0.018469345695108493,0.00495952541288707,-0.009604069111417172
2023-04-05,-0.00262164861934831,-0.009921214510330552,-0.0007982432900847153,0.010400162726537151,0.01698248291055947
2023-04-06,0.0038931867575910505,0.006719281539314134,-0.007159660374899705,0.0025836910852376506,-0.01672165105662322
2023-04-10,0.001025987805096594,-0.0005659056526110592,-0.007427401530065852,-0.016256473406417966,-0.004442752219924564
2023-04-11,0.00026869058671227526,-0.006438442446654604,0.00630066529229045,0.002058589018946521,0.007046819491638285
2023-04-12,-0.004084475281141905,-0.00887334167518597,0.0048732452945133,-0.0010289693926307352,-0.0010407985446444926
2023-04-13,0.013195257150234027,0.019393066834534612,0.013425150587981827,-0.007889491819061643,0.004675490527640005
2023-04-14,-0.0024457033744956285,-0.0018817495306585432,-0.017869017219899228,-0.009188930137523057,0.002415564885234717
2023-04-17,0.0035816747872673468,0.0008470207222574487,-0.00446370276447651,-0.011966923992083878,-0.011701059948742046
2023-04-18,0.0006521333987838971,6.27029098792346e-05,0.0038732698004284223,0.0035571333001106513,0.01934086451526671
2023-04-19,-0.00016888577496836947,-0.00047012378873878476,-0.004789973842758077,-0.0009597360177689561,-0.0031689064021127975
2023-04-20,-0.005472027694505986,-0.007654136001279384,0.003930524556986942,0.008512992112522998,-0.008010214066651259
2023-04-21,0.0007764245140153666,0.0010429032681291551,-0.009936876904451757,-0.005635537390289087,0.0031946446205356723
2023-04-24,0.0010427717732862819,-0.0020867969078156566,0.0030347260178608367,0.009627764811413943,0.018701717645577366
2023-04-25,-0.01600124859196872,-0.01904385542211601,0.005073426510561733,0.014597419832309512,-0.014315284212343005
2023-04-26,-0.004244526378238882,0.0060464250720468566,-0.005452222698837164,-0.010715389211730174,-0.0092253048459269
2023-04-27,0.01971234409961259,0.026828014604543694,5.4098929279836664e-05,-0.009971965884224328,0.011882270732462596
2023-04-28,0.008499024109975543,0.006874724746946477,0.0002706158931134578,0.01600190263894307,0.012841927943494084
2023-05-01,-0.0010103136976849605,-0.0011476573316869982,-0.004501468248394752,-0.029258638920196787,-0.03150334378594069
2023-05-02,-0.011302762126964917,-0.008759822232155708,0.01911282169964576,0.024614699536792437,-0.04066948121823383
2023-05-03,-0.006887642094530576,-0.006565274109964608,0.00844333039400089,0.0055663191819404646,-0.019906103343787777
2023-05-04,-0.007108287773732371,-0.003536144579071268,0.007008337579460111,-0.009927575336602207,-0.017666526232372488
2023-05-05,0.018343412453532146,0.021031410912499136,-0.015771672012865213,-0.0033311592742985437,0.024591370007532677
2023-05-08,0.0002664161846409306,0.00247463316015085,0.0012261535425393925,-0.014114201336751724,0.003948795076912484
2023-05-09,-0.004394910708991329,-0.00635334349950058,0.007061173494320752,-0.0035838619442718394,0.0002748021101046697
2023-05-10,0.004661640998151273,0.01082300709345005,-0.0014294640409972018,0.009657310568632444,-0.012910384689799687
2023-05-11,-0.001745627636365343,0.003254617694533927,-0.008619799546280105,0.01051626177536857,-0.018264888771137855
2023-05-12,-0.0013112813124834285,-0.003593108367010908,-0.001711544099310757,-0.008403925879459009,-9.457326395143471e-05
2023-05-15,0.0034442074420169594,0.00540034176171243,0.0021389727993926496,-0.010411983649373836,0.0019053405177778347
2023-05-16,-0.00670515260357264,0.0011316067301744613,-0.01257816833072297,-0.003008735268411829,-0.024568879784695668
2023-05-17,0.012066004811582638,0.012031431066934103,-0.003467895133703326,-0.002920238855765474,0.022186596127894902
2023-05-18,0.009587091409884658,0.018402994634384624,-0.013057794413406836,-0.0074365490479411725,0.009022291898690108
2023-05-19,-0.0014560619727139673,-0.0022560433044746435,0.009850156652287684,-0.007096533529284854,0.004622212574798512
2023-05-22,0.0004061042042643405,0.0033525068590168705,-0.002344243508491738,-0.0035669819838957386,-0.012214356938709342
2023-05-23,-0.01128644701016701,-0.01275721239872444,0.0012000108481294142,0.0028743475130709128,0.013530893244457158
2023-05-24,-0.00727113850113127,-0.005142767805743132,-0.008101176111367243,-0.004961216603540313,0.01112206652207901
2023-05-25,0.008622663323151796,0.024041579747971418,-0.00966457904681634,-0.0024898690610322865,-0.018101151991060372
2023-05-26,0.012867594436355509,0.025229472864678144,0.003987606250000357,0.00804506068250105,-0.006551807775475956
2023-05-30,0.0003806883436065501,0.0045245652169543515,0.006171471778321201,0.009941412453878438,-0.00889930357651045
2023-05-31,-0.0055604670636637075,-0.005702134776337059,0.001537018842589403,0.008679305386722857,-0.01803945287719963
2023-06-01,0.009455885498826446,0.011486068276213476,0.007867103377943253,0.003915316859503949,0.011482147795553755
2023-06-02,0.014357724476734467,0.007471496037128607,-0.014857275420164701,-0.011018322871535828,0.022954417420343355
2023-06-05,-0.0019180479785971345,0.0007047257713532507,0.0060023657211361265,-0.001864705247005884,-0.004454174836001379
2023-06-06,0.0021750203617206952,-0.0001689276663286555,0.0010974372841257363,0.005876806187472669,0.008134948109262905
2023-06-07,-0.003463642176360201,-0.017110905575394363,-0.012083252758880945,-0.014955428578771203,0.022173239638921052
2023-06-08,0.006030259250306048,0.01233664365592453,0.013124733073092816,0.01162924678466165,-0.0031376073888461516
2023-06-09,0.0017928017601368314,0.0038156178867270996,-0.002688130119841765,-0.0013726506630832838,-0.007421926292523102
2023-06-12,0.009030895357250313,0.01675572506019362,-0.0008792504640156504,0.0029393460140889546,-0.009073550118484356
2023-06-13,0.006571175295376836,0.007654743942681866,-0.00739483312084137,-0.009930060081919604,0.00018796782508970488
2023-06-14,0.0011902263140463366,0.007240943750376983,0.0005537743402144653,0.007971456358594382,-0.012098293168810522
2023-06-15,0.012321501967952312,0.011845698524264677,0.007005982383036308,0.009559969719257903,0.006917693866847095
2023-06-16,-0.0034121397888021206,-0.0063128083456803616,-0.0015404017609150433,-0.0038908767847081523,-0.0072032518080923525
2023-06-20,-0.005201654145490409,-0.001432591216017555,-0.010404681043488588,0.006896245881772775,-0.023190625464568224
2023-06-21,-0.005136790611842349,-0.013721372309000866,-0.0014474699268161662,0.0024168354146846408,0.011133269203613504
2023-06-22,0.0036029923716246583,0.01172967415989428,-0.009966480697039254,-0.012143695507366313,-0.005502846458662537
2023-06-23,-0.00758850142986309,-0.009962845402232514,0.0027534519339434175,0.009920428761644855,-0.008750489784197289
2023-06-26,-0.004094184057076794,-0.013496208310356313,0.0017380933759117798,0.001064042577909716,0.018288575973594953
2023-06-27,0.0109035737713221,0.017048094514460297,-0.00460411859047838,-0.0026137264293456613,0.0024899737116580666
2023-06-28,0.0005043285157273066,0.0019495573503876974,-0.002310076023493695,0.004255802333712308,0.008097233002208123
2023-06-29,0.003933603849903572,-0.0020044345720061007,-0.0010723394318449203,-0.018213206850185026,0.012258421483194544
2023-06-30,0.01173168320113288,0.015302135726396354,0.006641221688667137,0.011725724266339473,0.005141608662776716
2023-07-03,0.0011496381534776628,0.0023526162275998423,0.001121247777740352,-0.0056854303475417775,0.0019560284149928255
2023-07-05,-0.0014881322382808621,-2.7253041430626123e-05,-0.003536277643963551,-0.00954757164377806,-0.005131298870527612
2023-07-06,-0.007861393270840013,-0.00764484114716042,-0.002984649764026069,-0.014244157292498845,-0.038035539499370795
2023-07-07,-0.002528072793819899,-0.003325705193684306,0.007473004815488796,-0.0060372441408666514,0.002329251397823239
2023-07-10,0.002528072793820009,0.0003276274895457932,0.0007833887164984092,0.0013113148620630334,0.014722592218499376
2023-07-11,0.0063482053140709324,0.004928310273596748,0.003740607755698653,0.005127258493495985,0.012152279175087951
2023-07-12,0.008013702844823249,0.012550996918921111,0.013450555215707776,0.011069717172553162,0.004895024588085956
2023-07-13,0.007905673861274548,0.016836105356480002,0.0007144446386035077,0.01045771787343371,-0.018481279059567982
2023-07-14,-0.0006230096571355793,-0.00021098344161292308,-0.0031917364290746223,-0.005906165465613042,-0.03504353992852185
2023-07-17,0.00346613137119663,0.009295223806540113,0.0007163001287566721,0.0004935363840383929,0.004349562747409055
2023-07-18,0.0074031060142327855,0.008147557346398179,0.011391151915954547,0.004529210598770291,-0.004547689981923949
2023-07-19,0.0022212470306907173,-0.00023346496569774433,0.00016334311378929522,0.011232903386792843,0.006912447660607084
2023-07-20,-0.006656600743113589,-0.023321813947395326,-0.005076251540707524,-0.012216012039930732,0.017461256031915583
2023-07-21,0.0,-0.0030037305065051586,-0.003069238517008006,0.0002951620705658807,0.0046308480934654445
2023-07-24,0.004457392555046897,0.0015960917485228975,-0.0042906650791519445,-0.003643780635504354,0.015567887307591413
2023-07-25,0.0027262770027138695,0.006754702248434177,0.0055524167407640206,-0.0018761243528768806,0.0015150828286730257
2023-07-26,0.00015369927050218422,-0.0033320033367761244,0.0048672507195615744,0.0009876560950786658,-0.005598690251900962
2023-07-27,-0.006651915571387709,-0.0023868180642627854,-0.015836715414990758,-0.019644171791106186,0.003135373651353848
2023-07-28,0.009742580781992272,0.018050922063010198,0.007949707574281263,0.005122448614445977,-0.012024068122377007
2023-07-31,0.001902262145501824,0.000521230986293321,0.002690787072192315,0.002401739174847063,0.029141044633849398
2023-08-01,-0.0028657508158821954,-0.002322170567729101,-0.010418766955581948,-0.016522620648722598,-0.005798194493595453
2023-08-02,-0.014008325169748313,-0.022188451589787432,-0.004776993918500052,-0.010756908436810552,-0.012552719534550616
2023-08-03,-0.0028699140080628046,-0.0016039422360789994,-0.00033420291832367705,-0.0233412778943702,0.017231392377426148
2023-08-04,-0.004533074159891812,-0.004692774026405802,0.003613876354074006,0.01755661169954117,0.002796575408684082
2023-08-07,0.008690688384218867,0.008430953245578663,-0.002277988932518744,-0.009889987009149325,-0.0020501408502811595
2023-08-08,-0.004358209219964037,-0.008538622366954894,-0.006361270240024672,0.011546127759941958,0.004932006204121832
2023-08-09,-0.006707758478666694,-0.011055244987786267,-0.00476956334967285,0.005158399819651474,0.016844226223203577
2023-08-10,0.00035888239817656907,0.0018463315960234757,-0.0010691758408616784,-0.016599756060869955,0.0050981805203641015
2023-08-11,-0.0005831871237661957,-0.006396033042352315,0.0,-0.0023042456143163707,0.015409324725433474
2023-08-14,0.005504786007539762,0.011159625220798356,-0.003045220530389694,-0.0022043224476735934,0.0008043855501396163
2023-08-15,-0.011717211297507574,-0.010668266600115606,-0.0026580037072091345,-0.00611380684412068,-0.026008552928763966
2023-08-16,-0.007365286699105093,-0.010645320174889169,-0.005792775189194925,-0.00785462143807963,-0.01697021767996148
2023-08-17,-0.007649053241307063,-0.010983074731480273,-0.0015390561619561794,-0.004271629669578902,0.019186727725365095
2023-08-18,0.00048111270651791005,-0.0012556906080124918,0.0001711135895520659,0.003525604296045777,0.015015665496798206
2023-08-21,0.006485373907951712,0.015983082077941115,0.00273392964256731,-0.013420287294290588,-0.01216007293779315
2023-08-22,-0.002712305774398881,-0.0014299905133069515,0.0016481975934526548,0.007644593774472003,-0.005627037303579937
2023-08-23,0.011076242574181635,0.015645628711689324,0.010113328144583607,0.02447529142163743,-0.008827091089171535
2023-08-24,-0.01395614965527389,-0.021607621798343316,-0.0002248455933195227,-0.006616040663135704,-0.007494189669871745
2023-08-25,0.007025065052056626,0.007721717462508052,-0.0012941233726573686,0.0032613156803648355,0.017708001883576865
2023-08-28,0.006321426001722962,0.007498827270875337,0.002867238875764686,0.0010495439826681513,0.008371230688532684
2023-08-29,0.014351285300552142,0.02160470668019175,0.00972069237763269,0.010332667002719944,0.0059368345745061685
2023-08-30,0.0041102706207931635,0.005561192518336863,0.002498750315822613,-0.0010388395893062194,0.009697038423178662
2023-08-31,-0.0014644325334433306,0.0029941063345741833,-0.001665111347163996,0.0044592033137106435,0.0027918873766819706
2023-09-01,0.0018635023682703879,-0.0010587675266102317,0.0004997991755412262,-0.015700812820366897,0.020738518796944754
2023-09-05,-0.004331280734201486,0.0012706001146057073,-0.008195174622491511,-0.014121766236641319,8.805695986719288e-05
2023-09-06,-0.006745069342296389,-0.008847086808454072,-0.004544556063018457,0.0024566292626013748,0.008594959430480118
2023-09-07,-0.0030748826674860713,-0.007177472227436645,0.0010678794784509471,0.0027695599421829887,-0.004902303561304485
2023-09-08,0.0015048507031434986,0.001396736328012489,0.0003369702787594387,0.003821966203291503,0.014462690971839647
2023-09-11,0.0065550439805438145,0.011713922599301365,0.0018513951035425602,-0.007231668191940192,-0.012621427232417189
2023-09-12,-0.00550067172943258,-0.011150293224547872,-0.005169992663578624,0.0057468543135862655,0.028752199030887698
2023-09-13,0.0011652169027956873,0.0038017917291805546,-0.002312682045193072,-0.00021230944208295658,-0.008977116002259575
2023-09-14,0.008585517278458956,0.008144028996646291,0.0005080950731221542,-0.00724390397583297,0.017705611902108134
2023-09-15,-0.012121415429568402,-0.017271425917541407,0.00658210689497754,-0.006113274467133819,-0.015475145660107789
2023-09-18,0.0005861888498739129,0.001041896350460206,0.00587038313631886,0.00568543159891098,0.008022612574678624
2023-09-19,-0.0020759108187372254,-0.002133750068105238,-0.0009480950413542692,-0.007408226400840964,-0.0026386108498458317
2023-09-20,-0.009235781775274,-0.014515168193614779,0.0007251297423292754,0.003120534072715373,-0.007958080728551541
2023-09-21,-0.01666647557553179,-0.018494501664831447,-0.0072748111459232075,-0.026009365209158326,-0.014189373144343063
2023-09-22,-0.0022511795486702918,0.00013974312152810258,0.0031961900557462815,0.008016298895227052,0.00156710360694656
2023-09-25,0.0041963922866513174,0.0047386494606115334,-0.005163898932470834,-0.02491679873489413,0.011160848554837137
2023-09-26,-0.01480016275457809,-0.015130211434743124,-0.008023084937964609,-0.003482347181774082,0.0015473711734705167
2023-09-27,0.00039875297041139154,0.0023405544742986562,-0.012443751217319037,-0.005189553469981858,0.03203850791357165
2023-09-28,0.005780879190461778,0.00833052177738746,-0.005009715204337903,0.0030493905019884355,-0.006091652326545606
2023-09-29,-0.002429819235689972,0.0007258351296467656,-0.010328505518099336,0.00011287732786189942,-0.015946318201515024
2023-10-02,-0.0003978619202801384,0.008311172584580414,-0.0105542058560987,-0.016881824726939228,-0.01672353547022887
2023-10-03,-0.01347642323497577,-0.017705378044171338,-0.002892421000056923,-0.021746285242249443,0.0017282351734291938
2023-10-04,0.007255600813779586,0.013516626642938295,-0.00011826350756014561,0.014009296206872326,-0.03809911350035746
2023-10-05,-0.000376783508953052,-0.0029507175292942346,-0.0018344684108627424,-0.004997758671550115,-0.022768454670387295
2023-10-06,0.011802773827710658,0.01661648745416325,0.005139851922273756,-0.012190698306889437,-0.016839891482689735
2023-10-09,0.006381863798813139,0.005087354069272235,0.018218478536943455,0.023198107658693276,0.03439298441487691
2023-10-10,0.005191268041248034,0.005522431812792736,-0.0016795054754092334,-0.001383525830222091,-0.004246235681586773
2023-10-11,0.004087889911372816,0.007110089100487874,0.007276507826110017,0.02067094951942674,-0.03651185948030887
2023-10-12,-0.006115044196297159,-0.003481126584662121,-0.0030543103873241243,-0.027502290685448984,-0.00018776607450607963
2023-10-13,-0.0049933209703791216,-0.012649436217371966,0.03164231938177581,0.01773370084025777,0.031434553232105644
2023-10-16,0.010466457258344433,0.011242791694289048,-0.004876800474351656,-0.016224726834331536,0.0007279300303026189
2023-10-17,-4.589736221284086e-05,-0.0032808473889701074,0.0018525567250013085,-0.011081883802614254,0.013011659349468588
2023-10-18,-0.013414667551959036,-0.013204709826898102,0.014367113783494704,-0.008836910203611697,0.013907748750123591
2023-10-19,-0.008825205627352756,-0.009400838658326128,0.012199301049654077,-0.020685874119677372,0.0006196408880030737
2023-10-20,-0.012364173941525641,-0.015030408554861681,0.0027271753020748097,0.005662412853671189,-0.017314107001893113
2023-10-23,-0.0017347333210797956,0.003013207676725638,-0.0033827788768209456,0.01194196817410801,-0.014782916662542283
2023-10-24,0.007511038454311864,0.009680852864975102,-0.00010933686369138149,0.013090383278380257,-0.009731971229056264
2023-10-25,-0.014456106430082646,-0.02478019052886227,0.004199991317574014,-0.0225126462248347,0.0018434135819847218
2023-10-26,-0.012046887965106253,-0.019251470833788985,0.00157720800379265,0.01522191648875059,-0.009158639619840387
2023-10-27,-0.004543042350827531,0.0047899236420034415,0.011562693424814757,-0.0042574141613914,-0.019235818337570588
2023-10-30,0.011884814507292259,0.011202224689393787,-0.0056565149769635704,-0.004514234675418141,0.003121511959746196
2023-10-31,0.006260680801248639,0.004771020940923985,-0.005471503988171267,-0.004893645421433614,-0.0002832853038163461
2023-11-01,0.010608151909468571,0.017207735220461352,-0.0031556165767174377,0.021450282220298395,-0.0019860392091644434
2023-11-02,0.018983092933486993,0.017990680432676348,0.0033185604405963163,0.02254098375645081,0.03231959404685168
2023-11-03,0.009082086998527212,0.011680171727914784,0.0036323164276059108,0.0067558127586798715,-0.012264511824059337
2023-11-06,0.002297775512034132,0.00407096851884315,-0.00782308105070571,-0.009747466911921542,-0.017880098212092327
2023-11-07,0.0028420759528223387,0.009408347216032873,-0.004153745714032089,0.014642170595554935,-0.015803899144047874
2023-11-08,0.0007321435978392722,0.0006438630272905974,-0.010017653470627112,0.016890275524800588,-0.01235886631177362
2023-11-09,-0.007829398676411371,-0.007725450253723043,0.003975057413790778,-0.023269714103594973,0.0002914830849730956
2023-11-10,0.015484286258117229,0.022233232118584738,-0.010969699953245399,0.005584316093014094,0.007643555734813681
2023-11-13,-0.0009537073531038226,-0.003123291021884989,0.005555261386915847,-0.002275784575896432,0.010451023620937703
2023-11-14,0.019215048299082965,0.021298002875300148,0.008879636186604733,0.022414938571512926,0.0038430572552719906
2023-11-15,0.0021148481890942913,0.0007524663332786515,-0.0026390807860946154,-0.014133558755047078,-0.0060591854066134945
2023-11-16,0.0012224147532319213,0.0008552979119102205,0.011222864579353571,0.012350128069374411,-0.011643950122341675
2023-11-17,0.001242979760103776,0.00023318727304789095,-0.00010890827769753537,0.004675357856662572,0.02410697320794579
2023-11-20,0.0076682196001396285,0.01210132657646786,-0.0016347162383040547,0.006089408783186706,-0.004392240443885956
2023-11-21,-0.002181941732879509,-0.005826375512261904,0.010740019593542038,-0.00044148021534019555,-0.00038298179202078485
2023-11-22,0.0038534694095681294,0.004084456857935821,-0.004271361889171939,0.003527905918169636,-0.0043171083331711045
2023-11-24,0.0006151406057212905,-0.0014108152254595592,0.005188115339681599,-0.011845008558606826,0.005369618615570513
2023-11-27,-0.001802592544283532,-0.0008734497877738722,0.006715220224108336,0.016565695179011124,-0.00585048524342185
2023-11-28,0.0009895139686784302,0.002617587170035304,0.013243765854618068,0.001969680216549385,-0.0005773134332512442
2023-11-29,-0.0007034720120330251,-0.0009744490735827664,0.0014783465644929395,0.012492621267708469,-0.01512858435048425
2023-11-30,0.00392962640191761,-0.0025171919844410363,-0.004176660491012712,-0.011618638879259152,0.0039011498579786313
2023-12-01,0.0058985711850324755,0.0028505688485978516,0.0171240372669512,0.018658840546011964,0.002430351841914172
2023-12-04,-0.005263379213432109,-0.00932673900375192,-0.021850417580745678,-0.003986768130248651,-0.005452220898130501
2023-12-05,-0.00019707583353126984,0.0025079078089310313,-0.003786606077863042,0.02125818090519641,-0.019619220646297134
2023-12-06,-0.004037774408803909,-0.005800801742219686,0.003680115406357525,0.013229837431167445,-0.013330037903894079
2023-12-07,0.007601323359067924,0.01387547805753012,0.001648967455985853,-0.005753506536658096,-0.006986414708410741
2023-12-08,0.004289963687276682,0.004446884005475628,-0.013430173514668298,-0.008216669958057489,0.011416058841126422
2023-12-11,0.0038820545594890877,0.008505844793362744,-0.011104320560253362,-0.0021175937574732075,0.0007028915819455806
2023-12-12,0.004556814086375359,0.007932831706667084,-0.0005447904909059331,0.0029635217878401774,-0.015885332464140933
2023-12-13,0.013695845688702479,0.012636861002319123,0.02231176448891427,0.02319108878261456,0.008833833226081595
2023-12-14,0.0032042263659905167,-0.0008671707074490091,0.005845435089187853,0.02568071650151558,0.026535168634405755
2023-12-15,-0.0016478858459035603,0.00482238864516244,-0.009208782757507668,0.0011099638002994951,-0.006716622534796958
2023-12-18,0.005609326399059473,0.006278961813451642,0.004535187656823467,-0.007999940533947494,0.007405553794757388
2023-12-19,0.006062465959881281,0.005096418907656634,0.006790830606181505,0.0053741665722778316,0.013096343077353433
2023-12-20,-0.013954171717554139,-0.014971105087865817,-0.005460866362358439,0.006752301621703968,-0.01684170482323552
2023-12-21,0.009437275041025114,0.011568209773958478,0.007045755720440373,-0.006348291399254478,0.0045320960976596575
2023-12-22,0.0020076467649455363,0.0014948091105046425,0.004424614031362936,-0.004558726882989733,0.0017678315041511307
2023-12-26,0.004213711247616273,0.006103180758327452,0.007591842151508473,0.002839239637208999,0.0022541409145169587
2023-12-27,0.0018064023516626956,0.002033509547000453,0.0045275772625212145,0.017564528446699514,-0.004710280156886399
2023-12-28,0.00037764093076431626,-0.00048623960933003756,-0.005832413160524644,-0.007289371776995943,-0.01456549107315436
2023-12-29,-0.002899184888589535,-0.004336983366481098,-0.001568069797763166,-0.009060987700561376,-0.0020983065705807206
